title,link
Eritrea’s President departs for Moscow...,https://www.thereporterethiopia.com/34332/
Mass protests erupt over mosque...,https://www.thereporterethiopia.com/34271/
"Kenya’s GMO plans disrupted, but...",https://www.thereporterethiopia.com/34268/
"Ethiopia schools enroll over 173,000...",https://www.thereporterethiopia.com/34256/
"Ukraine, Ethiopia agree to form joint trade commission",https://www.thereporterethiopia.com/34253/
"AU, ILO join wings to empower Africa’s youth",https://www.thereporterethiopia.com/34247/
"Tigray schools in ruins, 3,846 students, teachers killed in conflict",https://www.thereporterethiopia.com/34244/
The High Price of Power,https://www.thereporterethiopia.com/34236/
Conflict pushes 3m deeper into poverty,https://www.thereporterethiopia.com/34088/
"Congressman advocates for Ethiopia’s exclusion from AGOA, international lending",https://www.thereporterethiopia.com/34078/
"Tigray disarmament reaches “critical stage”, 85% heavy weapons surrendered",https://www.thereporterethiopia.com/34072/
MPs seek change to mining law for more regional state equity,https://www.thereporterethiopia.com/33923/
IMF: Ethiopia’s Debt Restructuring Contingent on Creditor Assurance,https://www.thereporterethiopia.com/33901/
"Fighting in Sudan forces 130,000 refugees to seek safety in Ethiopia",https://www.thereporterethiopia.com/33898/
"Tigray schools in ruins, 3,846 students, teachers killed in conflict",https://www.thereporterethiopia.com/34244/
Nurturing promising female athletes in a town of runners,https://www.thereporterethiopia.com/34210/
"Kenya’s GMO plans disrupted, but Ethiopia pushes forward with testing",https://www.thereporterethiopia.com/34268/
Ethiopian $50m E-commerce to deliver global goods to African doorsteps,https://www.thereporterethiopia.com/34262/
Mass protests erupt over mosque demolitions,https://www.thereporterethiopia.com/34271/
"Dangote, Coca Cola among firms vying for Ethiopia’s sugar factories",https://www.thereporterethiopia.com/34265/
