Text,Date,ImagePath,ImageURL
"#рібрЅхрІ«рїхрІФ

рЅарѕЋрїІрІі ріЦріЊ рѕ░рѕІрѕЏрІі ріарѕЏрѕФрї«рЅй рѕІрІГ рІФрѕѕрІЇ рїѕрІ░рЅЦ рІюрїјрЅй ріЦріЊ рІерЇќрѕѕрЅ▓ріФ рЇЊрѕГрЅ▓рІјрЅй рѕўрЅЦрЅХрЅ╗рЅИрІЇріЋ рѕѕрѕЏрѕхріерЅарѕГ рѕїрѕјрЅй ріарѕЏрѕФрї«рЅйріЋ ріЦріЋрІ▓рїарЅђрѕЎ рѕірІФрІ░рѕГрїЇ рѕхрѕѕрѕџрЅйрѕЇ рЅйрїЇрѕЕ ріЦріЋрІ▓рЅђрѕерЇЇ рІерЇќрѕѕрЅ▓ріФ рЇЊрѕГрЅ▓рІјрЅй рІерїІрѕФ рѕЮ/рЅцрЅх рїарІерЅђрЇАрЇА

рІерібрЅхрІ«рїхрІФ рІерЇќрѕѕрЅ▓ріФ рЇЊрѕГрЅ▓рІјрЅй рІерїІрѕФ рѕЮ/ рЅцрЅх рЅБрѕѕрЇѕрІЇ рїЇріЋрЅдрЅх 24 рЅђріЋ 2014 рІЊ.рѕЮ. рЅБріФрѕћрІ░рІЇ ріарѕхрЅИрі│рІГ рѕхрЅЦрѕ░рЅБ рЅарѕЋрїІрІі ріЦріЊ рѕ░рѕІрѕЏрІі ріарѕЏрѕФрї«рЅй рѕІрІГ рІФрѕѕрІЇ рїѕрІ░рЅЦрЇБ рІюрїјрЅй ріЦріЊ рІерЇќрѕѕрЅ▓ріФ рЇЊрѕГрЅ▓рІјрЅй рѕўрЅЦрЅХрЅ╗рЅИрІЇріЋ рѕѕрѕЏрѕхріерЅарѕГ рѕїрѕјрЅй ріарѕЏрѕФрї«рЅйріЋ ріЦріЋрІ▓рїарЅђрѕЎ рІерѕџрІФрѕхрїѕрІхрІх ріЦрІеріЙріљ ріЦріЋрІ│рѕѕ ріарїйріЋрІќрЅх рІерѕ░рїа рѕ▓рѕєріЋ рЅарЇќрѕѕрЅ▓ріФ рЇЊрѕГрЅ▓рІјрЅй рѕІрІГ ріЦрІерЅ░рІ░рѕерїѕ ріљрІЇ рІФрѕѕрІЇ рїФріЊ ріЦріЋрІ▓рЅєрѕЮ рїарІГрЅІрѕЇрЇАрЇА

рѕЮріЋрѕЮ ріЦріЋрі│ріЋ рѕўріЋрїЇрѕЦрЅх рІерЇќрѕѕрЅ▓ріФ рѕЮріЁрІ│рѕЕ рѕхрѕѕ рѕўрѕхрЇІрЅ▒ рЅбрїѕрѕЇрїйрѕЮ рІерїІрѕФ рѕЮріГрѕГ рЅцрЅ▒ ріљрїѕрѕЕ рІерЅ░рїѕрѕІрЅбрїдрѕй ріЦріЋрІ░ріЙріљ ріЦріЋрІ░рѕџрІФрѕЮріЋ рѕЮріГрЅхрѕЇ рѕ░рЅЦрѕ│рЅбрІЇ рІХріГрЅ░рѕГ ріарЅЦрІ▒рѕЇрЅЃрІхрѕГ ріарІ░рѕЮ рЅ░ріЊрїЇрѕерІІрѕЇрЇАрЇА

рІерЇќрѕѕрЅ▓ріФ рЇЊрѕГрЅ▓рІјрЅй рІерїІрѕФ рѕЮ/рЅцрЅ▒ рЅарІџрѕЂ ріарѕхрЅИрі│рІГ рѕхрЅЦрѕ░рЅБрІЇ рЅарЅ░рѕѕрІФрІЕ рІерібрЅхрІ«рїхрІФ ріаріФрЅБрЅбрІјрЅй рІФрѕЅ рїЇрїГрЅХрЅй ріЦріЊ рІерЇќрѕѕрЅ▓ріФ ріарѕѕрѕўрѕерїІрїІрЅХрЅй рЅарідрѕ«рѕџрІФ ріГрѕЇрѕЇ рѕИрїѕрѕГ ріерЅ░рѕЏ ріарѕхрЅ░рІ│рІ░рѕГ ріЦрІерЅ░рЇѕрїИрѕў рІФрѕѕрІЇріЋ рІерЅцрЅХрЅйрЇБ рІеріарЅЦрІФрЅ░ ріЦрѕЮріљрЅХрЅй ріЦріЊ рѕїрѕјрЅй рїЇріЋрЅБрЅ│рІјрЅй рЇѕрѕерѕ│рЇБ рІеріЉрѕ« рІЇрІхріљрЅхрЇБ рІерѕЎрѕхріЊ рѕўріЋрѕ░рѕФрЇІрЅх ріЦріЊ рѕїрѕјрЅйріЋрѕЮ рѕЇрІЕ рѕЇрІЕ рІѕрЅЁрЅ│рІі ріарїѕрѕФрІі рїЅрІ│рІ«рЅй рЅарЅ░рѕўрѕѕріерЅ░ рІЇрІГрІГрЅх рѕЏрІхрѕерїЅріЋ ріарѕхрЅ│рІЇрЅІрѕЇрЇАрЇА

рїѕрІбрІЇріЋ рІерЅЦрѕЇрїйрїЇріЊ рЇЊрѕГрЅ▓ріЋ рїерѕЮрѕ« 61 рѕђрїѕрѕГ ріарЅђрЇЇ ріЦріЊ ріГрѕЇрѕІрІі рЇЊрѕГрЅ▓рІјрЅйріЋ рЅарѕЦрѕЕ рѕЏрЅђрЇЅріЋ рІерїѕрѕѕрїИрІЇ рѕЮріГрѕГ рЅцрЅ▒ рЅарѕ░рїарІЇ рѕўрїЇрѕѕрїФ рібрЅхрІ«рїхрІФ рЅарІўрѕГрЇѕ рЅЦрІЎ рІерїИрїЦрЅ│рЇБ рІерЇќрѕѕрЅ▓ріФрЇБ рІерібрі«ріќрѕџ ріЦріЊ рѕЏріЁрЅарѕФрІі рЅйрїЇрѕ«рЅй рІЇрѕхрїЦ ріЦріЋрІ░рѕЮрЅхрїѕріЮ рїѕрѕЇрїЙ рЅБрѕѕ12 ріљрїЦрЅЦ рІеріарЅІрѕЮ рѕўрїЇрѕѕрїФ ріарІЇрїЦрЅирѕЇрЇАрЇА


рїЇрїГрЅХрЅйріЋ рЅарѕ░рѕІрѕЮ ріерѕўрЇЇрЅ│рЅх ріаріЋрї╗рѕГрЇБ рЅарЅхрїЇрѕФрІГ ріГрѕЇрѕЇ ріаріЋрї╗рѕФрІі рѕѕрІЇрїЦ ріЦріЋрІ░рЅ│рІе рІерїарЅђрѕ░рІЇ рѕўрїЇрѕѕрїФрЇБ "" рЅаріарѕЏрѕФрЇБ рЅарідрѕ«рѕџрІФ ріЦріЊ рЅарїІрѕЮрЅцрѕІ ріГрѕЇрѕјрЅй рІФрѕѕрІЇ рІерѕ░рѕІрѕЮ рі╣ріћрЅ│ рїЇріЋрЇБ ріЦрїЁрїЇ ріарѕ│рѕ│рЅб ріљрІЇ "" рЅЦрѕЈрѕЇрЇАрЇА

рЅарѕўрѕєріЉрѕЮ рЅаріарїѕрѕфрЅ▒ рІФрѕЅ рїЇрїГрЅХрЅй рѕЂрѕЅрЇБ рЅарІхрѕГрІхрѕГ ріЦріЊ рЅарІЇрІГрІГрЅх ріЦріЋрІ▓рЇѕрЅ▒ рїарІГрЅІрѕЇрЇАрЇА

рѕїрѕІрІЇ рѕўрїЇрѕѕрїФ ріерІ│рѕ░рѕ│рЅИрІЇ рїЅрІ│рІ«рЅй рѕўріФріерѕЇ рІюрїјрЅйріЋ рЅаріЃрІГрѕЇ рІерѕўрѕ░рІѕрѕГ рІхрѕГрїірЅх ріарѕ│рѕ│рЅбріљрЅх рІГрїѕріЮрЅарЅ│рѕЇрЇАрЇА 

ріЦрїЁрїЇ ріарѕ│рѕ│рЅб рѕєріЌрѕЇ рІФрѕѕрІЇрЇБ рІеріарЇѕріЊ ріЦріЊ ріарѕхрїѕрІхрІХ рІерѕўрѕ░рІѕрѕГ рІхрѕГрїірЅх ріЦріЋрІ▓рЅєрѕЮрЇБ рІерїІрѕФ рѕЮріГрѕГ рЅцрЅ▒ ріарѕ│рѕхрЅДрѕЇрЇАрЇА

ріерїірІю рІѕрІ░ рїірІю ріЦрІерЅ░рЅБрЅБрѕ░ рІерѕўрїБрІЇ рІерѕўрѕарѕерЅ│рІі рѕИрЅђрїдрЅй рІерІІрїІ ріЋрѕерЅхрѕЮрЇБ рІюрїјрЅйріЋ рѕѕріерЇІ рїЅрІ│рЅх рѕўрІ│рѕерїЅріЋ рІФрЅЦрѕФрѕФрІЇ рІеріарЅІрѕЮ рѕўрїЇрѕѕрїФрІЇрЇБ рѕѕрІџрѕЁрѕЮ рІІріЊ рѕЮріГріЋрІФрЅх ріарІхрѕГрїј рІФрѕхрЅђрѕўрїБрЅИрІЇрЇБ рІерЇќрѕірѕ▓ рЅйрїЇрѕГ ріЦріЊ рѕЎрѕхріЊ ріарѕхрЅИрі│рІГ ріЦрѕЇрЅБрЅх ріЦріЋрІ▓рѕ░рїБрЅИрІЇ рїарІГрЅІрѕЇрЇб

рЅарѕИрїѕрѕГ ріерЅ░рѕЏ рІФрѕѕрІЇ рІерЅцрЅХрЅй ріЦріЊ рІеріЦрѕЮріљрЅх рЅ░рЅІрѕЏрЅх рЇѕрѕерѕ│ рІхрѕГрїірЅх рЅєрѕърЇБ рѕЋрїІрІі рѕўріЋрїѕрІхріЋ ріЦріЋрІ▓ріерЅ░рѕЇ рІерїІрѕФ рѕЮріГрѕГ рЅцрЅ▒ рЅаріарЅІрѕЮ рѕўрїЇрѕѕрїФрІЇ ріарѕ│рѕхрЅДрѕЇрЇАрЇА

рѕѕрѕђрїѕрѕфрЅ▒ рІЇрѕхрЅЦрѕхрЅЦ рЅйрїЇрѕ«рЅй рѕўрЇЇрЅхрѕћ рІФрѕўрїБрѕЇ рІФрѕѕрІЇ рѕЂрѕЅріЋ ріарЅђрЇЇ рЅЦрѕћрѕФрІі рІЇрІГрІГрЅх рїЇрѕЇрїй ріЦріЊ ріарѕ│рЅ│рЇі рЅарѕєріљ рѕўріЋрїѕрІх ріЦріЋрІ▓ріФрѕћрІхрѕЮ рїарІГрЅІрѕЇрЇАрЇА

(рѕЎрѕЅ рІеріарЅІрѕЮ рѕўрїЇрѕѕрїФрІЇ ріерѕІрІГ рЅ░рІФрІГрІЪрѕЇ)

Credit : рІерібрЅхрІ«рїхрІФ рЇќрѕѕрЅ▓ріФ рЇЊрѕГрЅ▓рІјрЅй рѕЮріГрѕГ рЅцрЅх / рЅфріцріц

@tikvahethiopia",2023-06-09 20:11:44+00:00,images/79006.jpg,file://C:\Users\KIIT\Desktop\Programming\nahom's webscraping project\images\79006.jpg
,2023-06-09 20:11:44+00:00,images/79005.jpg,file://C:\Users\KIIT\Desktop\Programming\nahom's webscraping project\images\79005.jpg
,2023-06-09 20:11:44+00:00,images/79004.jpg,file://C:\Users\KIIT\Desktop\Programming\nahom's webscraping project\images\79004.jpg
,2023-06-09 20:11:44+00:00,images/79003.jpg,file://C:\Users\KIIT\Desktop\Programming\nahom's webscraping project\images\79003.jpg
,2023-06-09 20:11:44+00:00,images/79002.jpg,file://C:\Users\KIIT\Desktop\Programming\nahom's webscraping project\images\79002.jpg
"рІерІЊрѕѕрѕЮ рѕЮрїЇрЅЦ рЇЋрѕ«рїЇрѕФрѕЮ рІерѕЮрїЇрЅЦ рѕГрІ│рЅ│ рѕхрѕГрїГрЅх ріарЅєрѕўрЇб

рІерІЊрѕѕрѕЮ рѕЮрїЇрЅЦ рЇЋрѕ«рїЇрѕФрѕЮ (WFP) рІерібрЅхрІ«рїхрІФ рІерѕГрІ│рЅ│ рѕЮрїЇрЅЦ рѕЦрѕГрїГрЅ▒ріЋ рѕЏрЅєрѕЎріЋ ріарѕхрЅ│рІЇрЅІрѕЇрЇб

рІерЅ░рЅБрЅарѕЕрЅх рѕўріЋрїЇрѕЦрЅ│рЅх рІерІЊрѕѕрѕЮ рІерѕЮрїЇрЅЦ рЇЋрѕ«рїЇрѕФрѕЮ (WFP) рѕѕрібрЅхрІ«рїхрІФ рЅ░рїјрїѓрІјрЅй рѕ▓рІФрѕарѕФрїГ рІерЅєрІерІЇріЋ рІерѕЮрїЇрЅЦ рѕГрІ│рЅ│рЇБ "" #рѕхрѕГрЅєрЅх_рЅарѕўріЋрѕ░рѕФрЇІрЅ▒ "" рѕЮріГріЋрІФрЅх рѕѕрїірІюрІЇ рѕЏрЅєрѕЎріЋ рІЏрѕг рїѕрѕЇрї┐рѕЇрЇб

рІерІЊрѕѕрѕЮ рѕЮрїЇрЅЦ рЇЋрѕ«рїЇрѕФрѕЮрЇБ рІерѕГрІ│рЅ│ рѕЮрїЇрЅЦ рІерѕЏрЅєрѕЮ рІЇрѕ│ріћрІЇріЋ рІГрЇІ рІФрІ░рѕерїѕрІЇрЇБ рІЕріЊрІГрЅхрІх рѕхрЅ┤рЅхрѕхрЇБ рЅ░рѕўрѕ│рѕ│рІГ рѕГрѕЮрїЃ рѕўрІЇрѕ░рІиріЋрЇБ рЅарІЕріцрѕхріцріарІГрІ▓ рЅаріЕрѕЇ ріФрѕ│рІѕрЅђрЅй ріеріаріЋрІх рЅђріЋ рЅаріІрѕІ рѕўрѕєріЉріЋ рЅфрідріц рІўрїЇрЅДрѕЇрЇб

@tikvahethiopia",2023-06-09 19:33:49+00:00,images/79001.jpg,file://C:\Users\KIIT\Desktop\Programming\nahom's webscraping project\images\79001.jpg
,2023-06-09 19:33:48+00:00,images/79000.jpg,file://C:\Users\KIIT\Desktop\Programming\nahom's webscraping project\images\79000.jpg
"рІФрѕЇрЅ░рїѕрІ░рЅА рІерІхрѕЮрїй рїЦрЅЁрѕјрЅй ріЦрѕхріе 30% рЅЁріЊрѕй рЅ░рІ░рѕГрїјрЅБрЅИрІЇ рЅђрѕерЅА!

рІФрѕЇрЅ░рїѕрІ░рЅА рІерѕърЅБрІГрѕЇ рІерІхрѕЮрїй рїЦрЅЁрѕјрЅйріЋ ріарЅЁрѕЮріЋ рЅБрїѕріЊрІўрЅа рІІрїІ ріЦрѕхріе 30% рЅЁріЊрѕй ріарІхрѕГрїѕріЋ рѕхріЊрЅђрѕГрЅЦ рЅарѕЇрІЕ рІ░рѕхрЅ│ ріљрІЇ !!

рІЋрѕѕрЅ│рІі рІхрѕЮрЇЁ 35 рЅЦрѕГ рІеріљрЅарѕерІЇ 25 рЅЦрѕГ
рІѕрѕГрѕЃрІі рІхрѕЮрЇЁ 999 рЅЦрѕГ рІеріљрЅарѕерІЇ 699 рЅЦрѕГ
рІѕрѕГрѕЃрІі рІхрѕЮрЇЁ ріЦріЊ рІ│рЅ│ 1700 рЅЦрѕГ рІеріљрЅарѕерІЇ 1399 рЅЦрѕГ

ріЦріЋрІ░рЇЇрѕІрїјрЅхрІј рЅарІЋрѕѕрЅ│рІі рѕ│рѕЮріЋрЅ│рІі ріЦріЊ рІѕрѕГрѕЃрІі ріарѕЏрѕФрї«рЅй рІерЅђрѕерЅАрЅхріЋ рІФрѕЇрЅ░рїѕрІ░рЅА рїЦрЅЁрѕјрЅй рЅарЅ┤рѕїрЅЦрѕГ рѕ▒рЇљрѕГріарЇЋ http://onelink.to/fpgu4m рѕЏрІГ рібрЅхрІ«рЅ┤рѕЇ рІѕрІГрѕЮ *999# рІерѕФрѕхрІј рІФрІхрѕГрїЅрЇб

(рібрЅхрІ« рЅ┤рѕїрі«рѕЮ)",2023-06-09 19:31:25+00:00,images/78997.jpg,file://C:\Users\KIIT\Desktop\Programming\nahom's webscraping project\images\78997.jpg
""" рѕЁрІЮрЅа рѕЎрѕхрѕірѕЎ рѕЂрѕЇрїірІюрѕЮ рѕ░рѕІрѕЮ рЇѕрѕІрїі ріЦріЊ рІерѕ░рѕІрѕЮ рІўрЅЦ рѕўрѕєріЉріЋ ріЦріЋрІ░рІѕрЅхрѕ« рѕЂрѕЅ рІЏрѕгрѕЮ ріарѕхрѕўрѕхріГрѕ»рѕЇ "" - ріАрѕхрЅ│рІЮ ріарЅАрЅаріерѕГ ріарѕЁрѕўрІх

рЅарЅ│рѕІрЅЂ ріаріЋрІІрѕГ рѕўрѕхрїѓрІх рѕЁрІЮрЅа рѕЎрѕхрѕірѕЎ ріЦріЋрІ░рІѕрЅхрѕ« рѕЂрѕЅ рІерїЂрѕЮрІЊ рѕ░рѕІрЅ▒ріЋ рѕ░рїЇрІХ рЅарѕ░рѕІрѕЮ рІѕрІ░ рѕўрїБрЅарЅх рѕўрѕўрѕѕрѕ▒ріЋ ріАрѕхрЅ│рІЮ ріарЅАрЅаріерѕГ ріарѕЁрѕўрІх рїѕрѕЇрїИрІІрѕЇрЇб

"" рЅБрѕѕрЇЅрЅх рѕЂрѕѕрЅх рїЂрѕЮрІЊрІјрЅй рЅарЅ░рЇѕрїарѕЕ рЅйрїЇрѕ«рЅй рЅарѕГріФрЅ│ рѕЎрѕхрѕірѕърЅй ріерѕЁрІГрІѕрЅх рѕўрѕхрІІрЅхріљрЅх ріаріЋрѕхрЅХ рЅЦрІЎ рІІрїІ ріерЇЇрѕѕрІІрѕЇ "" рІФрѕЅрЅх ріАрѕхрЅ│рІЮ ріарЅАрЅаріерѕГ "" рІеріљрѕ▒ рѕўрѕхрІІрЅхріљрЅх рѕЂрѕЇрїірІюрѕЮ рЅарѕЇрЅБрЅйріЋ рІЇрѕхрїЦ рѕ▓рЅ│рІѕрѕх рІерѕџріќрѕГ ріљрІЇ "" рЅЦрѕѕрІІрѕЇрЇб

"" рѕЁрІЮрЅа рѕЎрѕхрѕірѕЎ рѕЂрѕЇрїірІюрѕЮ рѕ░рѕІрѕЮ рЇѕрѕІрїі ріЦріЊ рІерѕ░рѕІрѕЮ рІўрЅЦ рѕўрѕєріЉріЋ ріЦріЋрІ░рІѕрЅхрѕ« рѕЂрѕЅ рІЏрѕгрѕЮ ріарѕхрѕўрѕхріГрѕ»рѕЇ "" рІФрѕЅрЅх ріАрѕхрЅ│рІЮ ріарЅАрЅаріерѕГ "" рѕѕрѕЁрІЮрЅа рѕЎрѕхрѕірѕЎ рѕ░рѕІрѕЮ рІеріЦрѕЮріљрЅ▒ рѕўрѕГрѕЁ ріЦріЊ рѕўрѕўрѕфрІФрІЇ рЅарѕўрѕєріЉ рѕ░рѕІрѕЎріЋ рѕѕрѕўрїарЅарЅЁ рѕЂрѕїрѕЮ рІЮрїЇрїЂ ріЦріЊ ріЋрЅЂ ріљрІЇ "" рѕ▓рѕЅ рїѕрѕЇрїИрІІрѕЇ 

рЅарІЏрѕгрІЇ рїЂрѕЮрІЊ рЅЂрїЦрѕЕ ріерЇЇрЅ░ріЏ рІерѕєріљ рІерѕўріЋрїЇрѕхрЅх рІерЇђрїЦрЅ│ ріЃрІГрѕЇ рЅарѕўрѕхрїѓрІ▒ рІЎрѕфрІФ рѕѕрїЦрЅарЅЃ рЅарѕўрѕ░рѕЏрѕФрЅ▒ рЅарѕЁрІЮрЅа рѕЎрѕхрѕірѕЎ рІўріЋрІх рѕхрїІрЅх рЇѕрїЦрѕ« рІеріљрЅарѕе рѕ▓рѕєріЋ ріерѕџрѕўрѕѕріерЅ░рІЇ рІерЇђрїЦрЅ│ ріарѕўрѕФрѕ«рЅй рїІрѕГ рЅарѕўріљрїІрїѕрѕГ рІЎрѕфрІФрІЇріЋ ріерЅд рІеріљрЅарѕерІЇ рІерЇђрїЦрЅ│ ріЃрІГрѕЇ рІѕрІ░ріЃрѕІ ріЦріЋрІ▓рѕўрѕѕрѕх рЅарѕЏрІхрѕерїЇ рѕЁрІЮрЅа рѕЎрѕхрѕірѕЎ рЇђрїЦрЅ│рІЇріЋ рЅарѕФрѕ▒ рЅарѕЮріЦрѕўріЊріЋ ріЦріЊ рЅаріарѕхрЅ░рЅБрЅБрѕфрІјрЅ╣ ріЦріЋрІ░рІѕрЅхрѕ« рЅарѕЏрѕхрїарЅарЅЁ рІерїЂрѕЮрІЊ рѕ░рѕІрЅ▒ рЅарѕ░рѕІрѕЮ рЅ░рѕ░рїЇрІХ рѕЏрїаріЊрЅђрЅЁ рѕўрЅ╗рѕЅ рЅ░рїѕрѕЇрї┐рѕЇрЇб

ріАрѕхрЅ│рІЮ ріарЅАрЅаріерѕГ рЇц рІерІЏрѕгрІЇ рїЂрѕЮрІЊ рЅарѕ░рѕІрѕЮ ріЦріЋрІ▓рїаріЊрЅђрЅЁ ріарѕхрЅ░рІІрЇЁрід рѕІрЅарѕерЅарЅ░рІЇ рѕЁрІЮрЅа рѕЎрѕхрѕірѕЮ ріЦріЋрІ▓рѕЂрѕЮ рІерЇђрїЦрЅ│ рѕўрІІрЅЁрѕЕ рЅарІхрѕГрѕ╗рІЇ рѕЁрІЮрЅа рѕЎрѕхрѕірѕЎ рЅарѕФрѕ▒ рѕ░рѕІрѕЎріЋ рѕЏрѕхрїарЅарЅЁ ріЦріЋрІ░рѕџрЅйрѕЇ ріЦрѕЮріљрЅх рЅарѕЏрѕ│рІ░рѕГ  рІерЅаріЕрѕІрЅИрІЇріЋ рЅарѕўрІѕрїБрЅ│рЅИрІЇ рѕЮрѕхрїІріЊ ріарЅЁрѕГрЅарІІрѕЇрЇб

рЅарЅђрїБрІГрѕЮ рІерЇђрїЦрЅ│ ріЃрІГрѕЅ рЅарЅхрЅЦрЅЦрѕГ ріЦріЊ рЅарѕўріЊрЅарЅЦ ріерѕЁрІЮрЅа рѕЎрѕхрѕірѕЎ ріЦріЊ ріеріарѕўрѕФрѕЕ рїІрѕГ рЅ░рЅђрѕФрѕГрЅд рЅарѕўрѕхрѕФрЅх рІерїІрѕФ рѕ░рѕІрѕЏрЅйріЋріЋ рѕЏрѕхрїарЅарЅЁ ріЦріЋрІ░рѕџрЅ╗рѕЇ ріерІЏрѕгрІЇ рїЂрѕЮрІЊ рЅхрѕЮрѕЁрѕГрЅх рѕўрІЇрѕ░рІх рІГрЅ╗рѕІрѕЇ рЅЦрѕѕрІІрѕЇрЇб

@tikvahethiopia",2023-06-09 12:23:15+00:00,images/78996.jpg,file://C:\Users\KIIT\Desktop\Programming\nahom's webscraping project\images\78996.jpg
,2023-06-09 12:23:15+00:00,images/78995.jpg,file://C:\Users\KIIT\Desktop\Programming\nahom's webscraping project\images\78995.jpg
,2023-06-09 12:23:15+00:00,images/78994.jpg,file://C:\Users\KIIT\Desktop\Programming\nahom's webscraping project\images\78994.jpg
"#AddisAbaba

рІерІЏрѕгрІЇ рІерїЂрѕЮрІЊ рѕХрѕІрЅх рІФрѕѕрѕЮріЋрѕЮ рІерЇђрїЦрЅ│ рЅйрїЇрѕГ рЅарѕ░рѕІрѕЮ рЅ░рѕ░рїЇрІХ рѕЁрІЮрЅа рѕЎрѕхрѕірѕЎрѕЮ рІѕрІ░рІерЅцрЅ▒ рѕўрїЇрЅБрЅ▒ рЅ░рїѕрѕЇрї┐рѕЇрЇб

рЅБрѕѕрЇЅрЅх рѕЂрѕѕрЅх рІерїЂрѕЮрІЊ рѕХрѕІрЅх рІѕрЅЁрЅХрЅй рѕІрІГ рЅарѕИрїѕрѕГ ріерЅ░рѕЏ рІЇрѕхрїЦ ріерЅ░рЇѕрЇђрѕўрІЇ рІерѕўрѕхрїѓрІх рЇѕрѕерѕ│ рїІрѕГ рЅарЅ░рІФрІФрІЮ рІерЇђрїЦрЅ│ ріЃрІГрѕјрЅй рЅарІѕрѕ░рІ▒рЅх ріЦрѕГрѕЮрїЃ рІерѕ░рІЇ рѕЁрІГрІѕрЅх рѕЏрѕѕрЇЅріЊ рїЅрІ│рЅх рѕўрІхрѕерѕ▒ рІерѕџрІўріљрїІ ріарІГрІ░рѕѕрѕЮрЇб

рІГрѕЁріЋрѕЮ рЅ░ріерЅхрѕј рІерібрЅхрІ«рїхрІФ ріЦрѕхрѕЇрѕЮріЊ рїЅрІ│рІ«рЅй рїарЅЁрѕІрІГ рѕЮ/рЅцрЅх ріерідрѕ«рѕџрІФ ріГрѕЇрѕІрІі рѕўріЋрїЇрѕхрЅх ріЦріЋрІ▓рѕЂрѕЮ ріерЇїрІ┤рѕФрѕЇ рЇќрѕірѕхріЊ ріарІ▓рѕх ріарЅарЅБ рЇќрѕірѕх рїІрѕГ рЅ░ріерЅ│рЅ│рІГ рІЇрІГрІГрЅХрЅй рѕЏрІхрѕерїЅріЊ рѕўрїЇрЅБрЅБрЅх рѕІрІГ рѕўрІ░рѕерѕ▒ рІерѕџрЅ│рІѕрЅЁ ріљрІЇрЇб

рЅарѕИрїѕрѕГ ріерЅ░рѕЏ ріерѕўрѕхрїѓрІх рЇѕрѕерѕ│ рїІрѕГ рЅарЅ░рІФрІФрІў рѕЎрѕхрѕірѕЎ рѕЏрѕЁрЅарѕерѕ░рЅЦ рІФрЅђрѕерЅарІЇ рїЦрІФрЅё рІерѕўрЇЇрЅхрѕё ріарЅЁрїБрїФ рІерЅ░рЅђрѕўрїарѕѕрЅх рЅарѕўрѕєріЉрѕЮ рЅарѕЂрѕЅрѕЮ рѕўрѕхрїѓрІХрЅй ріерЅЂріЉрЅх рІ▒рІЊ рІЇрїф┬арІерЅ░рЅЃрІЇрѕъ ріЦріЋрЅЁрѕхрЅЃрѕ┤рІјрЅй ріарѕхрЇѕрѕІрїі рЅБрѕѕрѕўрѕєріЊрЅИрІЇ рѕЁрІЮрЅа рѕЎрѕхрѕірѕЎ рІерЅ░рѕѕрѕўрІ░ рЅ│рІБрІЦріљрЅ▒ріЋ рЅарѕЏрѕ│рІерЅх рІерїЂрѕЮрІЊ рѕ░рѕІрЅ▒ріЋ рѕ░рїЇрІХ рЅЦрЅ╗ рѕўрѕўрѕѕрѕх ріЦріЋрІ│рѕѕрЅарЅх рЅхрѕІріЋрЅх рѕЏрѕ│рѕ░рЅбрІФ рѕўрЅ░рѕІрѕѕрЇЅрЅх рІГрЅ│рІѕрЅЃрѕЇрЇб

рЅарІџрѕЁрѕЮ рІЏрѕг рІеріљрЅарѕерІЇ рІерїЂрѕЮрІЊ рѕХрѕІрЅх рЅарѕ░рѕІрѕЮ рЅ░ріеріЊрІЇріќ рѕЁрІЮрЅа рѕЎрѕхрѕірѕЎ рІѕрІ░рЅцрЅ▒ рїѕрЅЦрЅирѕЇрЇб

@tikvahethiopia",2023-06-09 12:15:34+00:00,images/78993.jpg,file://C:\Users\KIIT\Desktop\Programming\nahom's webscraping project\images\78993.jpg
,2023-06-09 12:15:34+00:00,images/78992.jpg,file://C:\Users\KIIT\Desktop\Programming\nahom's webscraping project\images\78992.jpg
,2023-06-09 12:15:34+00:00,images/78991.jpg,file://C:\Users\KIIT\Desktop\Programming\nahom's webscraping project\images\78991.jpg
,2023-06-09 12:15:34+00:00,images/78990.jpg,file://C:\Users\KIIT\Desktop\Programming\nahom's webscraping project\images\78990.jpg
,2023-06-09 12:15:34+00:00,images/78989.jpg,file://C:\Users\KIIT\Desktop\Programming\nahom's webscraping project\images\78989.jpg
"#kaffmens

Https://t.me/kaffmens

рѕѕрѕ░рѕГрїЇ рІѕрІГрѕЮ рѕЮрѕГрЅЃрЅх рІерѕџрѕєріЉ ріЦрїЁрїЇ рІўрѕўріЊрІі рІўріЊрїГ рѕ▒рЇјрЅй ріЦріЊ рѕѕріГрѕерѕЮрЅх рІерѕџрѕєріЉ рѕЮрЅ╣┬а рїЃрігрЅХрЅй!! рЅарЅ░рѕўрїБрїаріљ рІІрїІ !!рІГрІ░рІЇрѕЅ ­ЪЊъ+251912727762 рІѕрІГрѕЮ https://t.me/kaffmens рІГрїарЅђрѕЎ!
­ЪЊЇAddress: Megenagna, Bethelhem Plaza Ground floor 08.

#Boutique #Menclothes #Mensfashion #Menssuit #Mensjacket",2023-06-09 12:15:19+00:00,images/78988.jpg,file://C:\Users\KIIT\Desktop\Programming\nahom's webscraping project\images\78988.jpg
"#ріарЅбрѕ▓ріЋрІФ_рЅБріЋріГ

рІѕрІ░ рЅЁрѕГріЋрїФрЇјрЅй рѕўрѕёрІх рѕ│рІФрѕхрЇѕрѕЇрїЇ рЅБрѕЅрЅарЅх рѕєріљрІЇ рІеріарЅбрѕ▓ріЋрІФ рЅБріЋріГ ріаріФрІЇріЋрЅх рѕўріГрЇѕрЅх ріЦріЋрІ░рѕџрЅйрѕЅ рІФрІЇрЅЃрѕЅ? 

ріарЇќрѕј рѕўрЅ░рїЇрЅарѕфрІФріЋ рЅарѕЏрІЇрѕерІх ріФрѕЅрЅарЅх рѕєріљрІЇ ріаріФрІЇріЋрЅх рЅарЅђрѕІрѕЅ рІГріГрЇѕрЅ▒рЇб
https://apollo.bankofabyssinia.com/download-apollo

рѕхрѕѕ ріарЇќрѕј рІерІ▓рїЁрЅ│рѕЇ рЅБріЋріГ рѕўрЅ░рїЇрЅарѕфрІФ ріарїарЅЃрЅђрѕЮ ріЦріЊ рІерЅ░рѕѕрІФрІЕ рѕўрѕерїЃрІјрЅй рѕѕрѕЏрїЇріўрЅх рІеріарЇќрѕј рІерЅ┤рѕїрїЇрѕФрѕЮ рЅ╗ріљрѕЇріЋ рІГрЅђрѕІрЅђрѕЅрЇб https://t.me/apollodigitalproduct

#Apollodigitalproduct #AbyssiniaDigital #Abyssiniabank #poweredbybankofabyssinia #BankofAbyssinia #рІерѕЂрѕЅрѕЮ_рѕЮрѕГрїФ #The_Choice_For_all",2023-06-09 12:15:14+00:00,images/78987.jpg,file://C:\Users\KIIT\Desktop\Programming\nahom's webscraping project\images\78987.jpg
https://www.youtube.com/watch?v=yk8D5u87kxs,2023-06-09 16:05:34+00:00,,
https://www.youtube.com/watch?v=bOPtFHp1V4Y,2023-06-09 15:40:10+00:00,,
https://www.youtube.com/watch?v=9EGLC5QwUqg,2023-06-09 14:54:53+00:00,,
"рІерібрЅхрІ«рїхрІФ ріЦріЊ рЅ╗рІГріЊ рІерѕЂрѕѕрЅхрІ«рѕй рЅхрЅЦрЅЦрѕГ рЅ░рїаріЊріГрѕ« рІГрЅђрїЦрѕІрѕЇ - рІерЅ╗рІГріЊ ріцрѕЮрЅБрѕ▓ ріарѕЏріФрѕф рѕџріњрѕхрЅхрѕГ

ріарІ▓рѕх ріарЅарЅБрЇБ рѕ░ріћ 2рЇБ 2015 (ріцрЇЇ рЅб рѕ▓) рЅБрѕѕрЇЅрЅх ріарѕхрѕГ рІЊрѕўрЅ│рЅх рІерібрЅхрІ«рїхрІФ ріЦріЊ рЅ╗рІГріЊ рІерѕЂрѕѕрЅхрІ«рѕй рїЇріЋріЎріљрЅх рЅарЅарѕГріФрЅ│ рІерЅхрЅЦрЅЦрѕГ рІўрѕГрЇјрЅй рѕІрІГ рЅарЇЇрїЦріљрЅх ріЦрІФрІ░рїѕ рѕўрѕєріЉріЋ рЅарібрЅхрІ«рї░рІФ рІерЅ╗рІГріЊ ріцрѕЮрЅБрѕ▓ ріарѕЏріФрѕф рѕџріњрѕхрЅхрѕГ рѕ╝ріЋ рЅ║ріЋрѕџріЋ рїѕрѕѕрї╣рЇАрЇА

рѕџріњрѕхрЅхрѕГ ріарѕЏріФрѕфрІЇ ріерЇІріЊ рЅЦрѕ«рІхріФрѕхрЅ▓ріЋрїЇ рі«рѕГрЇќрѕгрЅх рїІрѕГ рЅБрІ░рѕерїЅрЅх рЅєрІГрЅ│ рЇЦ рІерѕђрїѕрѕФрЅ▒ рїЇріЋріЎріљрЅх рЅарїІрѕФ рїЦрЅЁрѕЮ рѕІрІГ рІерЅ░рѕўрѕ░рѕерЅ░ ріЦріЋрІ░рѕєріљ ріарЅЦрѕФрѕГрЅ░рІІрѕЇрЇАрЇА

рЇЋрѕгрІџрІ│ріЋрЅх рѕ║ рїѓріЋрЇњріЋрїЇ рібрЅхрІ«рїхрІФріЋ рїерѕЮрѕ« рІеріарЇЇрѕфріФ рѕђрїѕрѕФрЅхріЋ рібрі«ріќрѕџ рІФрѕхрЅйрѕІрѕЇ рЅарѕџрѕЇ рІГрЇІ рІФрІ░рѕерїЊрЅИрІЇ рІўрїаріЮ рЇЋрѕ«рїђріГрЅХрЅй рЅ╗рІГріЊ ріерібрЅхрІ«рїхрІФ рїІрѕГ рІерѕЮрЅ│рІ░рѕГрїѕрІЇ рЅхрЅЦрЅЦрѕГ рЇЇріќрЅ░ ріФрѕГрЅ│ рѕўрѕєріЉріЋрѕЮ ріарѕхрѕерІхрЅ░рІІрѕЇрЇб...                                                            https://www.fanabc.com/archives/196443",2023-06-09 13:40:20+00:00,images/61226.jpg,file://C:\Users\KIIT\Desktop\Programming\nahom's webscraping project\images\61226.jpg
"рѕѕрїјрѕерЅцрЅх рѕђрїѕрѕФрЅх ріерЅђрѕерЅа рІеріцрѕїріГрЅхрѕфріГ ріЃрІГрѕЇ рѕйрІФрїГ ріе83 рѕџрѕірІеріЋ рІХрѕІрѕГ рЅарѕІрІГ рїѕрЅб рЅ░рїѕріў

ріарІ▓рѕх ріарЅарЅБрЇБ рѕ░ріћ 2рЇБ 2015 (ріцрЇЇ рЅб рѕ▓) рЅа2015 рЅарїђрЅх рІЊрѕўрЅх 10 рІѕрѕФрЅх рібрЅхрІ«рїхрІФ рѕѕрїјрѕерЅцрЅх рѕђрїѕрѕФрЅх ріФрЅђрѕерЅарЅйрІЇ рІеріцрѕїріГрЅхрѕфріГ ріЃрІГрѕЇ рѕйрІФрїГ ріе83 рѕџрѕірІеріЋ рІХрѕІрѕГ рЅарѕІрІГ рїѕрЅб рѕЏрїЇріўрЅиріЋ рІерібрЅхрІ«рїхрІФ ріцрѕїріГрЅхрѕфріГ ріЃрІГрѕЇ ріарѕхрЅ│рІѕрЅђрЇб

рІерЅ░рЅІрѕЎ рІері«рѕЎріњрігрѕйріЋ рІ│рІГрѕгріГрЅ░рѕГ ріарЅХ рѕърїѕрѕх рѕўрі«ріЋріЋ ріЦріЋрІ░рїѕрѕѕрї╣рЅх├и рЅарЅарїђрЅх рІЊрѕўрЅ▒ 10 рІѕрѕФрЅх ріерѕђрїѕрѕГ рІЇрѕхрїЦ рІеріЃрІГрѕЇ рѕйрІФрїГ ріе14 рЅбрѕірІеріЋ рЅЦрѕГ рЅарѕІрІГ ріЦріЋрІ▓рѕЂрѕЮ рѕѕрїјрѕерЅцрЅх рѕђрїѕрѕФрЅх ріерЅ░рѕИрїарІЇ рІеріцрѕїріГрЅхрѕфріГ ріЃрІГрѕЇ ріе83 рѕџрѕірІеріЋ рІХрѕІрѕГ рЅарѕІрІГ рЅ░рїѕріЮрЅирѕЇрЇАрЇА

рїЁрЅАрЅ▓рЇБ рігріЋрІФ ріЦріЊ рѕ▒рІ│ріЋ рІеріцрѕїріГрЅхрѕфріГ рІеріЃрІГрѕЇ рѕйрІФрїГ рІерЅ░рІ░рѕерїѕрЅБрЅИрІЇ рѕђрїѕрѕФрЅх рѕўрѕєріЊрЅИрІЇріЋ ріљрІЇ рІ│рІГрѕгріГрЅ░рѕЕ рІФрѕўрѕѕріерЅ▒рЅхрЇб...                                                                               https://www.fanabc.com/archives/196438",2023-06-09 13:16:48+00:00,images/61225.jpg,file://C:\Users\KIIT\Desktop\Programming\nahom's webscraping project\images\61225.jpg
"рІеріЕрѕІрѕірЅх рЅ░рїЇрЅБрѕГ

ріарІ▓рѕх ріарЅарЅБрЇБ рѕ░ріћ 2рЇБ 2015 (ріцрЇЇ рЅб рѕ▓) ріЕрѕІрѕірЅх рЅарѕГріФрЅ│ рЅ░рїЇрЅБрѕГ рІФрѕѕрІЇ ріаріЋрІ▒ рІерѕ░рІЇріљрЅх ріГрЇЇрѕЇ ріљрІЇрЇАрЇА

рІГрѕЁ рІерѕ░рІЇріљрЅх ріГрЇЇрѕЇ ріерѕџрѕ░рѕФрЅИрІЇ рЅарѕГріФрЅ│ рѕхрѕФрІјрЅй рІЇрѕхрїЦ рЅарІерЅђріЉ 20 рЅБрѕЇрІ▓ рІѕрІГрѕЮ 200 рѕірЅхрѕГ рІЇрѕЃ рІФрїБрѕФрѕЇрЇБ ріерѕ░рІЇріљрЅх рѕўрѕГрІЏрѕЏ ріљрїѕрѕ«рЅй ріЦріЊ ріарѕ▓рІх рЅарѕйріЋрЅх рѕўрѕЇріГ рІФрѕхрІѕрїЇрІ│рѕЇрЇБ рІерІ░рѕЮ рїЇрЇірЅхріЋ рІГрЅєрїБрїарѕФрѕЇ рЅарЅ░рїерѕЏрѕфрѕЮ рІерѕ░рІЇріљрЅхріЋ рІерїерІЇ рѕўрїаріЋ рІГрЅєрїБрїарѕФрѕЇрЇАрЇА

ріЦріЋрІ▓рѕЂрѕЮ рЅарѕ░рІЇріљрЅх рІЇрѕхрїЦ рІФрѕѕрІЇріЋ ріФрѕЇрѕ▓рІерѕЮріЊ рЇјрѕхрЇїрЅх рЅарѕўрЅєрїБрїарѕГ рІеріарїЦріЋрЅх рїцріЋріљрЅх рІерЅ░рїарЅарЅђ ріЦріЋрІ▓рѕєріЋ рІФрІ░рѕГрїІрѕЇ рЅарЅ░рїерѕЏрѕфрѕЮ рІерЅђрІГ рІерІ░рѕЮ рѕ┤рѕЇ рѕўрѕФрЅБрЅхріЋ рІГрЅєрїБрїарѕФрѕЇрЇАрЇА
https://www.fanabc.com/archives/196398",2023-06-09 12:46:41+00:00,images/61224.jpg,file://C:\Users\KIIT\Desktop\Programming\nahom's webscraping project\images\61224.jpg
рїа/рѕџ рІљрЅбрІГ рЅаріарІ▓рѕх ріарЅарЅБ рЅарЅ░ріФрѕёрІ░ рІерЅйрїЇріЮ рЅ░ріерѕІ рѕўрѕГрѕљ-рїЇрЅЦрѕГ рѕІрІГ рІФрѕхрЅ░рѕІрѕѕрЇЅрЅх рѕўрѕЇрІЋріГрЅх https://www.youtube.com/watch?v=w3R0AS-hiw0,2023-06-09 12:22:36+00:00,images/61223.jpg,file://C:\Users\KIIT\Desktop\Programming\nahom's webscraping project\images\61223.jpg
"рІерібрЅхрІ«рїхрІФ ріарІерѕГ рѕўріЋрїѕрІх 130 ріарІЇрѕ«рЇЋрѕІріќрЅйріЋ рѕѕрѕўрїЇрІЏрЅх рѕЏрЅђрІ▒ріЋ ріарѕхрЅ│рІѕрЅђ

ріарІ▓рѕх ріарЅарЅБрЇБ рѕ░ріћ 2рЇБ 2015 (ріцрЇЇ рЅб рѕ▓) рІерібрЅхрІ«рїхрІФ ріарІерѕГ рѕўріЋрїѕрІх рІерЅарѕерѕФ рѕўрІ│рѕерѕ╗рІЇріЋ рѕѕрѕЏрѕхрЇІрЅх рІерѕџрІФрїЇрІЎрЅхріЋ 130 ріарІЇрѕ«рЇЋрѕІріќрЅйріЋ рѕѕрѕўрїЇрІЏрЅх рѕЏрЅђрІ▒ріЋ ріарѕхрЅ│рІЇрЅІрѕЇрЇАрЇА

рІерібрЅхрІ«рїхрІФ ріарІерѕГ рѕўріЋрїѕрІх рѕўріЋрїѕрІх рІІріЊ рѕЦрѕФ ріарѕхрЇѕрї╗рѕџ рѕўрѕхрЇЇріЋ рїБрѕ░рІЇ рібрѕхрЅ│ріЋрЅАрѕЇ рЅарѕџрїѕріўрІЇ рІеріарІГ ріц рЅ▓ ріц ріц рїѓ ріцрѕЮ рЇЋрѕ«рїЇрѕФрѕЮ рѕІрІГ ріеріарЅфрІгрѕйріЋ рІ┤рІГрѕі рїІрѕГ рЅєрІГрЅ│ ріарІхрѕГрїѕрІІрѕЇрЇАрЇА

рЅарЅєрІГрЅ│рЅИрІЇрѕЮ рЇЦ ріарІерѕГ рѕўріЋрїѕрІ▒ рІері«рЅфрІх-19 рІѕрѕерѕГрѕйріЮ ріФрѕ│рѕерЇѕрЅарЅх рЅ░рїйрІЋріќ рѕЎрѕЅ рЅарѕЎрѕЅ рѕЏрїѕрїѕрѕЎріЋ рїѕрѕЇрЇђрІІрѕЇрЇАрЇА

рЅарІџрѕЁрѕЮ ріарѕЂріЋ рѕІрІГ рѕўрІ│рѕерѕ╗рІЇріЋ рІерЅарѕѕрїа рѕѕрѕЏрѕхрЇІрЅх ріЦрІерЅ░рѕ░рѕФ ріЦріЋрІ░рѕєріљрѕЮ ріљрІЇ рІерЅ░ріЊрїѕрѕЕрЅхрЇб...                                                   https://www.fanabc.com/archives/196373",2023-06-09 09:04:47+00:00,images/61222.jpg,file://C:\Users\KIIT\Desktop\Programming\nahom's webscraping project\images\61222.jpg
,2023-06-09 08:03:14+00:00,images/61221.jpg,file://C:\Users\KIIT\Desktop\Programming\nahom's webscraping project\images\61221.jpg
,2023-06-09 08:03:14+00:00,images/61220.jpg,file://C:\Users\KIIT\Desktop\Programming\nahom's webscraping project\images\61220.jpg
,2023-06-09 08:03:14+00:00,images/61219.jpg,file://C:\Users\KIIT\Desktop\Programming\nahom's webscraping project\images\61219.jpg
,2023-06-09 08:03:14+00:00,images/61218.jpg,file://C:\Users\KIIT\Desktop\Programming\nahom's webscraping project\images\61218.jpg
"рІерІўріЋрІхрѕ«рІЇ рІеріарѕеріЋрїЊрІ┤ рІљрѕ╗рѕФ рЅ░ріерѕІ рѕ▓рїѕрЅБрІ░рІх рібрЅхрІ«рїхрІФ 31 рЅбрѕірІеріЋ рЅйрїЇріЮ рЅхрѕѕрЅЦрѕ│рѕѕрЅй - рїа/рѕџ рІљрЅбрІГ 

ріарІ▓рѕх ріарЅарЅБрЇБ рѕ░ріћ 2рЇБ 2015 (ріцрЇЇ рЅб рѕ▓) рІерІўріЋрІхрѕ«рІЇ рІеріарѕеріЋрїЊрІ┤ рІљрѕ╗рѕФ рЅ░ріерѕІ рѕ▓рїѕрЅБрІ░рІх рібрЅхрІ«рїхрІФ 31 рЅбрѕірІеріЋ рЅйрїЇріЮ рЅхрѕѕрЅЦрѕ│рѕѕрЅй рѕ▓рѕЅ рїарЅЁрѕІрІГ рѕџріњрѕхрЅхрѕГ рІљрЅбрІГ ріарѕЋрѕўрІх рїѕрѕѕрЇЂрЇАрЇА

рїарЅЁрѕІрІГ рѕџріњрѕхрЅхрѕГ рІљрЅбрІГ рЅарѕЏрѕЁрЅарѕФрІі рЅхрѕхрѕхрѕГ рїѕрЇЃрЅИрІЇ рЅБрѕ░рЇѕрѕЕрЅх рїйрѕЉрЇЇ├и РђюрІерїђрѕўрѕГріљрІЇріЋ ріЦріЋрїерѕГрѕ│рѕѕріЋрЇцрІерІўріЋрІхрѕ«ріЋ рІеріарѕеріЋрїЊрІ┤ рІљрѕ╗рѕФ рЅ░ріерѕІ рѕхріЊрїѕрЅБрІхрІх рібрЅхрІ«рїхрІФ рЅа31 рЅбрѕірІеріЋ рЅйрїЇріЮ рЅхрѕѕрЅЦрѕ│рѕѕрЅйРђЮ рЅЦрѕѕрІІрѕЇрЇб 

рїарЅЁрѕІрІГ рѕџріњрѕхрЅхрѕЕ РђюріЉ рІГрѕЁріЋріЋ рЅ│рѕфріГ ріарЅЦрѕеріЋ ріЦріЋрѕЦрѕФРђЮ  рѕ▓рѕЅрѕЮ рїЦрѕф ріарЅЁрѕГрЅарІІрѕЇрЇАрЇА

рїарЅЁрѕІрІГ рѕџріњрѕхрЅхрѕГ рІљрЅбрІГ ріарѕЋрѕўрІх рѕЂрѕѕрЅ░ріЏрІЇріЋ рІЎрѕГ рІеріарѕеріЋрїЊрІ┤ ріарѕ╗рѕФ рѕўрѕГрѕљрїЇ рЅЦрѕГ рЅарЅхріЊріЋрЅхріЊрІЇ рІЋрѕѕрЅх рЅаріарЇІрѕГ ріГрѕЇрѕЇ рЅарІГрЇІ рѕЏрѕхрїђрѕўрѕФрЅИрІЇ  рІГрЅ│рІѕрЅЃрѕЇрЇАрЇА",2023-06-09 08:03:14+00:00,images/61217.jpg,file://C:\Users\KIIT\Desktop\Programming\nahom's webscraping project\images\61217.jpg
,2023-06-09 07:23:11+00:00,images/61216.jpg,file://C:\Users\KIIT\Desktop\Programming\nahom's webscraping project\images\61216.jpg
"рѕЋрїѕ-рІѕрїЦ рІерѕ░рІјрЅй рІЮрІЇрІЇрѕГріЋ рѕѕрѕўріерѕІріерѕЇ рІФрѕѕрѕў рѕЋрІЮрЅБрІі рІеріЋрЅЁріЊрЅё рѕўрІхрѕеріГ рЅ░ріФрѕёрІ░ 

ріарІ▓рѕх ріарЅарЅБрЇБ рѕ░ріћ 2рЇБ 2015 (ріцрЇЇ рЅб рѕ▓) рѕЋрїѕ-рІѕрїЦ рІерѕ░рІјрЅй рІЮрІЇрІЇрѕГріЋ рѕѕрѕўріерѕІріерѕЇ рІФрѕѕрѕў рѕЋрІЮрЅБрІі рІеріЋрЅЁріЊрЅё рѕўрІхрѕеріГ рЅарІхрѕгрІ│рІІ ріерЅ░рѕЏ рЅ░ріФрѕёрІ░рЇАрЇА

рЅарѕўрѕГрѕљ рїЇрЅЦрѕЕ рІерѕ┤рЅХрЅйріЊ рѕЏрѕЋрЅарѕФрІі рїЅрІ│рІГ рѕџріњрѕхрЅхрѕГ ріцрѕГрїјрїї рЅ░рѕхрЇІрІг (рІХ/рѕГ) рЇБ рІерѕ┤рЅХрЅйріЊ рѕЏрѕЁрЅарѕФрІі рїЅрІ│рІГ рѕџріњрѕхрЅхрѕГ рІ┤ріцрЅ│ ріарІерѕѕрЅй ріЦрѕ╝рЅ┤рЇБ рІерѕЮріГрѕГ рЅцрЅх ріарЅБрѕІрЅхрЇБ ріерЇЇрЅ░ріЏ рІерѕўріЋрїЇрѕхрЅх ріарѕўрѕФрѕ«рЅйрЇБ рІерѕЃрІГрѕЏріќрЅх ріарЅБрЅХрЅйріЊ рІерѕЃрїѕрѕГ рѕйрѕЏрїЇрѕїрІјрЅй рЅ░рїѕріЮрЅ░рІІрѕЇрЇАрЇА

рІеріЋрЅЁріЊрЅё рѕўрІхрѕеріЕ ""рЅарЅ░рїаріЊріерѕе рІерѕЏріЁрЅарѕерѕ░рЅЦ рЅ░рѕ│рЅхрЇј рѕЋрїѕ-рїЦ рІерѕ░рІјрЅй рІЮрІЇрІЇрѕГріЋ рЅарїІрѕФ ріЦріЋріерѕІріерѕЇРђЮ рЅарѕџрѕЇ рѕўрѕф рѕЃрѕ│рЅЦ ріљрІЇ рЅарЅ░рѕѕрІФрІЕ рІЮрїЇрїЁрЅХрЅй рІерЅ░ріФрѕёрІ░рІЇ рІерѕџрїѕріўрІЇрЇАрЇА

ріцрѕГрїјрїї рЅ░рѕхрЇІрІг (рІХ/рѕГ)├ирІюрїјрЅй рЅарѕђрїѕрѕГ рІЇрѕхрїЦ рѕ░рѕГрЅ░рІЇ рѕўрѕѕрІѕрїЦріЋ рѕЇрѕЮрІх рѕЏрІхрѕерїЇ ріарѕѕрЅБрЅИрІЇрЇц ріерѕђрїѕрѕГ рІЇрїГ рѕўрѕхрѕФрЅх ріерЇѕрѕѕрїЅрѕЮ рѕўрѕхрЇѕрѕГрЅ▒ріЋ рЅарѕЏрѕЪрѕІрЅх рЅарѕхрѕФріЊ ріГрѕЁрѕјрЅх рѕџріњрѕхрЅ┤рѕГ рЅаріЕрѕЇ рЅарІЇрїГ рѕђрїѕрѕГ рѕхрѕФ рѕўрѕ░рѕЏрѕФрЅх ріЦріЋрІ░рѕџрЅйрѕЅ ріарѕхрїѕріЋрІЮрЅарІІрѕЇрЇАрЇА",2023-06-09 07:23:11+00:00,images/61215.jpg,file://C:\Users\KIIT\Desktop\Programming\nahom's webscraping project\images\61215.jpg
"**рЅарѕИрІІрѕ«рЅбрЅх ріерЅ░рѕЏ рІерѕ░рІЊрЅх ріЦрѕІрЇі рїѕрІ░рЅЦ рЅ░рїБрѕѕ

**рІерѕИрІІрѕ«рЅбрЅх ріерЅ░рѕЏ рїірІюрІФрІі рі«рѕЏріЋрІх рЇќрѕхрЅх рІерѕ░рІЊрЅх ріЦрѕІрЇі рїѕрІ░рЅЦ рѕўрїБрѕЅріЋ ріарѕхрЅ│рІЇрЅІрѕЇрЇАрЇА

рїірІюрІФрІі рі«рѕЏріЋрІх рЇќрѕхрЅ▒ рЅарѕИрІІрѕ«рЅбрЅх ріерЅ░рѕЏ ріарѕхрЅ░рІ│рІ░рѕГ ріЦріЊ рЅаріаріФрЅБрЅбрІІ рІерѕџрЅ░рїѕрЅарѕЕ рІеріГрѕЇріерѕІ рІЇрѕ│ріћрІјрЅй рѕЏрѕхрЅ░рѕІрѕѕрЇЅріЋ рІЏрѕг рЅБрІѕрїБрІЇ рѕўрїЇрѕѕрїФрІЇ ріарѕхрЅ│рІЇрЅІрѕЇрЇб

рЅарІџрѕЁрѕЮ рѕўрѕ░рѕерЅхрЇА-

1) рѕўрїарїЦ рЅцрЅХрЅй ріЦрѕхріе рѕЮрѕйрЅх 4 рѕ░рІЊрЅх

2) ріЦрїЇрѕеріЏ ріЦрѕхріе рѕЮрѕйрЅ▒ 5 рѕ░рІЊрЅх 

3) рЅБрїЃрїЁріЊ рѕърЅ░рѕГ рѕ│рІГріГрѕЇ ріЦрѕхріе рѕЮрѕйрЅх 1 рѕарІЊрЅх рІхрѕерѕх рЅЦрЅ╗ рѕўріЋрЅђрѕ│рЅђрѕх рІерѕџрЅйрѕЅ рѕўрѕєріЉріЋ рїірІюрІФрІі рі«рѕЏріЋрІх рЇќрѕхрЅ▒ ріарѕхрЅ│рІЇрЅІрѕЇрЇб 

рІеріерЅ░рѕЏрІІ рі«рѕЏріЋрІх рЇќрѕхрЅхрЇц рЅаріерЅ░рѕЏрІІ рІГрЅарѕЇрїЦ рѕ░рѕІрѕЮріЊ рѕўрѕерїІрїІрЅх ріЦріЋрІ▓рЇѕрїарѕГ рІерЅ░рїБрѕЅ ріГрѕЇріерѕІрІјрЅйріЋ рЅарѕЏріГрЅарѕГріЊ рЅарѕЏрѕхріерЅарѕГ рі╣рѕЅрѕЮ рІеріЁрЅЦрѕерЅ░рѕ░рЅЦ ріГрЇЇрѕЇ рЅарѕђрѕІрЇіріљрЅх рЅарѕўріЋрЅђрѕ│рЅђрѕх ріарѕхрЅ░рІІрїйрід ріЦріЋрІ▓рІФрЅарѕеріГрЅ▒ рЅарѕўрїЇрѕѕрїФрІЇ ріарѕ│рѕхрЅДрѕЇрЇАрЇА
**┬а┬а ---ETHIO-MEREJA---
┬а┬а┬а ****T.me/ethio_mereja**",2023-06-09 16:01:40+00:00,images/25345.jpg,file://C:\Users\KIIT\Desktop\Programming\nahom's webscraping project\images\25345.jpg
"рі«ріЋрІХрѕџріњрІерѕЮ рІ░рѕГрѕирЅИрІЇ РђюрЅарЅђрЅарѕї рЅцрЅХрЅйРђЮ рІЇрѕхрїЦ рІерѕџріќрѕЕ рїЇрѕѕрѕ░рЅдрЅйрЇц рЅаріаріЋрІх рІѕрѕГ рІЇрѕхрїЦ рЅцрЅХрЅ╣ріЋ ріЦріЋрІ▓рІФрѕхрѕеріГрЅА рЅђріљ рїѕрІ░рЅЦ рЅ░рѕ░рїБрЅИрІЇ

рІеріарІ▓рѕх ріарЅарЅБ ріерЅ░рѕЏ ріарѕхрЅ░рІ│рІ░рѕГрЇц рі«ріЋрІХрѕџріњрІерѕЮ рІ░рѕГрѕирЅИрІЇ РђюрЅарЅђрЅарѕї рЅцрЅХрЅйРђЮ рІЇрѕхрїЦ рІерѕџріќрѕЕ рІеріерЅ░рѕЏрІІ ріљрІІрѕфрІјрЅй ріЦрѕхріе рѕ░ріћ 30 рІхрѕерѕх рІерЅ░ріерѕФрІЕрІІрЅИрІЇріЋ рЅцрЅХрЅй ріЦріЋрІ▓рІФрѕхрѕеріГрЅА рЅђріљ рїѕрІ░рЅЦ ріарѕхрЅђрѕўрїарЇб рІеріерЅ░рѕЏ ріарѕхрЅ░рІ│рІ░рѕЕ рІерѕџрѕеріерЅБрЅИрІЇріЋ ріЦріљрІџрѕЁріЋ рІерЅђрЅарѕї рЅцрЅХрЅй РђюрІерІ░рѕЃ рІ░рѕЃРђЮ рЅ░рЅЦрѕѕрІЇ рѕѕрЅ░рѕѕрІЕ ріљрІІрѕфрІјрЅй рѕѕрѕЏріерЇІрЇѕрѕЇ ріЦрЅЁрІх рѕўрІФрІЎріЋ ріарѕхрЅ│рІЇрЅІрѕЇрЇб 

рІеріарІ▓рѕх ріарЅарЅБ рЅцрЅХрЅй рѕЇрѕЏрЅх рі«рѕГрЇќрѕгрѕйріЋ рІерїЇріЋрЅБрЅ│ рІўрѕГрЇЇ рѕЮріГрЅхрѕЇ рІІріЊ рІ│рІГрѕгріГрЅ░рѕГ ріарЅХ рЅХрѕЏрѕх рІ░рЅарѕї рѕѕРђюрібрЅхрІ«рїхрІФ рібріЋрѕ│рІГрІ░рѕГРђЮ ріЦріЋрІ░рЅ░ріЊрїѕрѕЕрЅхрЇц рІерЅђрЅарѕї рЅцрЅХрЅ╗рЅИрІЇріЋ ріарѕхрѕеріГрЅарІЇ рІѕрІ░ рі«ріЋрІХрѕџріњрІерѕЮ рЅцрЅх ріЦріЋрІ▓рїѕрЅА рІ░рЅЦрІ│рЅц рІерЅ░рѕ░рїБрЅИрІЇ рІеріерЅ░рѕЏрІГрЅ▒ ріљрІІрѕфрІјрЅйрЇц рЅарІеріФрЅ▓рЅх 2011 рІЊ.рѕЮ ріЦріЊ рЅарІўріЋрІхрѕ« рІЊрѕўрЅх рѕЁрІ│рѕГ рІѕрѕГ рѕІрІГ рІЋрїБ рІерІѕрїБрѕІрЅИрІЇ рІЋрІхрѕѕріърЅй ріЊрЅИрІЇрЇб рЅарЅђрІхрѕъ рІеріарІ▓рѕх ріарЅарЅБ ріерЅ░рѕЏ рѕЮріГрЅхрѕЇ ріеріЋрЅ▓рЅБ рЅ│ріерѕѕ ріАрѕЏ рІерѕџрѕўрѕФрІЇ ріарѕхрЅ░рІ│рІ░рѕГрЇц рЅарІеріФрЅ▓рЅх 2011 рІЊ.рѕЮ. рІЋрїБ рІФрІѕрїБрЅБрЅИрІЇ рІері«ріЋрІХрѕџріњрІерѕЮ рЅцрЅХрЅй рЅЦрІЏрЅх 51,200 рїѕрІ░рѕЏ ріљрЅарѕГрЇб 

рЅарІѕрЅЁрЅ▒ рѕѕріљрІІрѕфрІјрЅй рѕірЅ░рѕІрѕѕрЇЅ рЅарІЮрїЇрїЁрЅх рѕІрІГ ріЦрІФрѕЅ рЅарЅ░ріљрѕ│рЅБрЅИрІЇ рЅ░рЅЃрІЇрѕъ рѕЮріГріЋрІФрЅх ріерЅБрѕѕ ріЦрІхрѕѕріърЅй рїІрѕГ рѕГріГріГрЅЦ рѕ│рІГрЇѕрїИрѕЮрЅБрЅИрІЇ рІерІўрїѕрІЕрЅх ріЦріљрІџрѕЁ рІері«ріЋрІХрѕџріњрІерѕЮ рЅцрЅХрЅйрЇц рІерЅЂрѕЇрЇЇ рѕГріГріГрЅЦ рІерЅ░рЇѕрїИрѕўрЅБрЅИрІЇ рїЇріЋ рЅБрѕѕрЇѕрІЇ рІЊрѕўрЅх ріљрІЇрЇб рІеріерЅ░рѕЏ ріарѕхрЅ░рІ│рІ░рѕЕ рЅарІџрѕЁ рІЊрѕўрЅх рѕЁрІ│рѕГ рІѕрѕГ рЅа25,791 рЅцрЅХрЅй рѕІрІГ рІЋрїБ рІФрІѕрїБ рѕ▓рѕєріЋрЇц ріерІЋрІхрѕѕріърЅй рїІрѕГ рІЇрѕЇ рІерѕўрІІрІІрѕЇ рѕхрѕФрІЇ рІерЅ░ріеріЊрІѕріљрІЇ рІ░рїЇрѕъ ріФрѕѕрЇѕрІЇ рїЦрѕГ ріЦрѕхріе рїЇріЋрЅдрЅх рІѕрѕГ рЅБрѕЅрЅх  ріарѕЮрѕхрЅх рІѕрѕФрЅх рІЇрѕхрїЦ ріљрЅарѕГрЇб

**┬а┬а ---ETHIO-MEREJA---
┬а┬а┬а ****T.me/ethio_mereja**",2023-06-09 14:52:15+00:00,images/25344.jpg,file://C:\Users\KIIT\Desktop\Programming\nahom's webscraping project\images\25344.jpg
"рІеріарІ▓рѕх ріарЅарЅБ рІЕріњрЅерѕГрѕ▓рЅ▓ рІўрїаріЮ рІеріарІЇрѕ«рЇЊ рѕЁрЅЦрѕерЅх рЇЋрѕ«рїђріГрЅХрЅйріЋ ріарѕИріљрЇѕ!!

ріарІ▓рѕх ріарЅарЅБ рІЕріњрЅерѕГрѕ▓рЅ▓ рІеріарІЇрѕ«рЇЊ рѕЁрЅЦрѕерЅх ріерѕџрІ░рїЇрЇІрЅИрІЇ 17 рІерѕЮрѕГрѕЮрѕГріЊ рІерЅхрѕЮрѕЁрѕГрЅх рѕЇрѕЁрЅђрЅх рѕЏрІЋріерѕІрЅх рЇЋрѕ«рїђріГрЅХрЅй рЅарІўрїаріЎ ріарѕИріЊрЇі рѕєріЌрѕЇрЇб 

ріерІџрѕЁрѕЮ рЅарЅ░рїерѕЏрѕф рѕЂрѕѕрЅх рІерЇЋрѕ«рїђріГрЅх рЇЋрѕ«рЇќрІЏрѕјрЅй рІЇрїцрЅх рЅарѕўрїфрІЇ рїЦрЅѓрЅх рІѕрѕФрЅх рІерѕџрЅ│рІѕрЅЁ рІГрѕєріЊрѕЇрЇб

рЅарІ░рЅАрЅЦ ріарЇЇрѕфріФ рігрЇЋрЅ│рІЇріЋ рЅа2022 рІерІЕріњрЅерѕГрѕ▓рЅ▓ рЇЋрѕгрІЮрІ│ріЋрЅХрЅй рЅаріљрЅарѕФрЅИрІЇ рѕхрЅЦрѕ░рЅБ рЅаріарІЇрѕ«рЇЊ рѕЁрЅЦрѕерЅх рІерѕџрІ░рїѕрЇЅ рІерѕЮрѕГрѕЮрѕГ ріЦріЊ рІе рЅхрѕЮрѕЁрѕГрЅх рѕЇрѕЁрЅђрЅх рѕЏріЦріерѕІрЅх рѕѕрѕЏрЅІрЅІрѕЮ рІѕрѕхріљрІЇ рѕўрѕѕрІФрІерЅ│рЅИрІЇ рІГрЅ│рІѕрѕ│рѕЇрЇбрЅарІџрѕЂ рѕўрѕ░рѕерЅх рЅарЅ░рѕѕрІФрІЕ рІЕріњрЅерѕГрѕ▓рЅ▓рІјрЅй рЅарѕГріФрЅ│ рЇЋрѕ«рЇќрІЏрѕјрЅй рІерЅђрѕерЅА рѕ▓рѕєріЋ рЅБрѕѕрЇЅрЅх рѕЂрѕѕрЅх рЅ░ріерЅ│рЅ│рІГ рЅђріЊрЅх рЅарЅцрѕЇрїѓрІерѕЮ рЅЦрѕФрѕхрѕЇрѕх рЅарЅ░ріФрѕёрІ░рІЇ рїЇрѕЮрїѕрѕЏ рѕўрѕ░рѕерЅх 17 рІерѕЇрѕЁрЅђрЅх рѕЏріЦріерѕЇ рЅ░рѕўрѕхрѕГрЅ░рІІрѕЇрЇб 

ріеріљрІџрѕЁ рІерѕЇрѕЁрЅђрЅх рѕЏрІЋріерѕЇ рЇЋрѕ«рїђріГрЅХрЅй рІЇрѕхрїЦрѕЮ рЅарІўрїаріЎ ріарІ▓рѕх ріарЅарЅБ рІЕріњрЅерѕГрѕ▓рЅ▓ ріарѕИріЊрЇі рѕєріЌрѕЇрЇб
 
рЅарЅ░рїерѕЏрѕфрѕЮ рІЕріњрЅерѕГрѕ▓рЅ▓рІЇ рЇЋрѕ«рїђріГрЅХрЅ╣ріЋ рЅарѕЏрѕИріљрЇЅ рЅарѕџрѕірІ«ріќрЅй рІерѕџрЅєрїарѕГ рІЕрѕ« рІерѕџрІФрїѕріЮ рІГрѕєріЊрѕЇрЇАрЇА

рІерІЕріњрЅерѕГрѕ▓рЅ▓рІЇ рЇЋрѕгрІџрІ░ріЋрЅх рЇЋрѕ«рЇїрѕ░рѕГ рїБрѕ░рІЇ рІѕрѕЇрІ░рѕЃріЊ рЅарЇірѕГрѕЏ рѕхріљрѕхрѕГрІЊрЅ▒ рѕІрІГ рІГрѕЁ рІЇрїцрЅх рѕѕріарІ▓рѕх ріарЅарЅБ рІЕріњрѕГрѕ▓рЅ▓рѕЮ рѕєріљ рѕѕріарїѕрѕГ рЅхрѕЇрЅЁ рЇІрІГрІ│ рІГріќрѕерІІрѕЇ рЅЦрѕѕрІІрѕЇрЇАрЇА  рѕѕрІџрѕЁ рІЇрїцрЅх ріарѕхрЅ░рІІрїйрід рІФрІ░рѕерїЅ рІерІЕріњрЅерѕГрѕ▓рЅ▓рІЇ рЅЦрѕГрЅ▒ рЅ░рѕўрѕФрѕЏрѕфрІјрЅйріЋріЊ рЅарЅцрѕЇрїёрѕЮ рЅЦрѕФрѕхрѕЇрѕх рІерѕџрїѕріўрІЅріЋ рІерібрЅхрІ«рїхрІФ рібрѕЮрЅБрѕ▓ріЋ рѕЏрѕўрѕхрїѕріЊрЅИрІЇріЋ ріерІЕріњрЅерѕГрѕхрЅ▓рІЇ рІФрїѕріўрІЇ рѕўрѕерїЃ рІФрѕўрѕѕріГрЅ│рѕЇрЇб

**   ---ETHIO-MEREJA---
┬а   ****T.me/ethio_mereja**",2023-06-09 14:06:21+00:00,images/25343.jpg,file://C:\Users\KIIT\Desktop\Programming\nahom's webscraping project\images\25343.jpg
,2023-06-09 14:06:21+00:00,images/25342.jpg,file://C:\Users\KIIT\Desktop\Programming\nahom's webscraping project\images\25342.jpg
,2023-06-09 14:06:21+00:00,images/25341.jpg,file://C:\Users\KIIT\Desktop\Programming\nahom's webscraping project\images\25341.jpg
,2023-06-09 14:06:21+00:00,images/25340.jpg,file://C:\Users\KIIT\Desktop\Programming\nahom's webscraping project\images\25340.jpg
,2023-06-09 14:06:21+00:00,images/25339.jpg,file://C:\Users\KIIT\Desktop\Programming\nahom's webscraping project\images\25339.jpg
,2023-06-09 14:06:21+00:00,images/25338.jpg,file://C:\Users\KIIT\Desktop\Programming\nahom's webscraping project\images\25338.jpg
,2023-06-09 14:06:21+00:00,images/25337.jpg,file://C:\Users\KIIT\Desktop\Programming\nahom's webscraping project\images\25337.jpg
"рІерібрЅхрІ«рїхрІФ ріарІерѕГ рѕўріЋрїѕрІх рЅарЇѕрѕеріЋрїєрЅ╣ 2035 рІеріарІЇрѕ«рЇЋрѕІріќрЅ╣ріЋ рЅЦрІЏрЅх 271 рѕѕрѕЏрІхрѕерѕх ріЦрІерѕ░рѕФ рѕўрѕєріЉріЋ ріарѕхрЅ│рІѕрЅђрЇАрЇА

ріарѕЂріЋ рѕІрІГ рІѕрІ░ 140 рЅарѕџрїарїЅ ріарІЇрѕ«рЇЋрѕІріќрЅй ріЦрІерЅ░рѕ░рѕФ рѕўрѕєріЉріЋ рЅ░ріљрїЇрѕ»рѕЇрЇАрЇА ріерѕ░ріћ 5 рЅђріЋ рїђрѕЮрѕ« ріарІерѕГ рѕўріЋрїѕрІ▒ ріерѕџрІФрІЏрЅИрІЇ 29 ріарІЇрѕ«рЇЋрѕІріќрЅй рѕЏрѕѕрЅхрѕЮ 17 рІе737 рѕЏріГрѕхрЇБ ріарѕЮрѕхрЅх 777ріцрЇЇ ріцрѕхрЇБ ріаріЋрІх 787-9 ріЦріЊ рѕЦрІхрѕхрЅх ріцрѕГрЅБрѕх ріц350-1000 ріарІЇрѕ«рЇЋрѕІріќрЅй рІГрїѕріЎрЅарЅ│рѕЇ рЅ░рЅЦрѕЈрѕЇрЇАрЇАрЅаріарЇЇрѕфріФ 63 рІЊрѕѕрѕЮ ріарЅђрЇЇ рѕўрІ│рѕерѕ╗рІјрЅй рІФрѕЅрЅх ріарІерѕГ рѕўріЋрїѕрІ▒рЇЦ рЅаріарѕЂріЉ рІѕрЅЁрЅх рІФрѕѕрІЇріЋ 20 ріарІЇрѕ«рЇЋрѕІріЋ рѕЏрѕерЇірІФрІјрЅй рІѕрІ░ 27 ріЦріЋрІ░рѕџрІФрѕ│рІхрїЇрѕЮ ріљрІЇ рІерЅ░рїарЅєрѕўрІЇрЇА

**┬а---ETHIO-MEREJA---
┬а ****T.me/ethio_mereja**",2023-06-09 11:10:27+00:00,images/25336.jpg,file://C:\Users\KIIT\Desktop\Programming\nahom's webscraping project\images\25336.jpg
"рЅарѕ▒рѕЅрѕЇрЅ│ ріерЅ░рѕЏ рЅарѕИріћ рЅ│рїБрЅѓрІјрЅй рЅЂрїЦрѕФрЅИрІЇ рЅарІЇрѕЇ рІФрѕЇрЅ│рІЇрЅЂ рѕ░рІјрЅй рЅ│рЇЇріљрІЇ рѕўрІѕрѕ░рІ│рЅИрІЇ рЅ░рїѕрѕѕрїИ

рЅарЅЁрѕГрЅА рЅарЅ░рІІрЅђрѕерІЇ рІерѕИрїѕрѕГ ріерЅ░рѕЏ ріарѕхрЅ░рІ│рІ░рѕГ рѕЦрѕГ рЅарѕџрїѕріўрІЇ рІерѕ▒рѕЅрѕЇрЅ│ ріГрЇЇрѕѕ ріерЅ░рѕЏ рЅЂрїЦрѕФрЅИрІЇ рЅарІЇрѕЇ рІФрѕЇрЅ│рІѕрЅЂ рѕ░рІјрЅй рЅарідріљрїЇ рѕИріћ рЅ│рїБрЅѓрІјрЅй рЅ│рЇЇріљрІЇ рѕўрІѕрѕ░рІ│рЅИрІЇріЋ ріљрІІрѕфрІјрЅй рѕѕріарІ▓рѕх рѕЏрѕѕрІ│ рїѕрѕЇрїИрІІрѕЇрЇб

ріљрІІрѕфрІјрЅ╣ ріЦріЋрІ░рїѕрѕѕрї╣рЅхрЇц рЅарѕ▒рѕЅрѕЇрЅ│ ріГрЇЇрѕѕ ріерЅ░рѕЏ ріерЅЁрѕГрЅЦ рїірІюрІФрЅх рІѕрІ▓рѕЁ рѕФрѕ▒ріЋ рІерідрѕ«рѕъ ріљрї╗ріљрЅх рѕарѕФрІірЅх рЅарѕЏрѕѕрЅх рЅарѕџрїарѕФрІЇ ріЦріЊ рЅарѕўріЋрїЇрѕЦрЅх РђюрідріљрїЇ рѕИріћРђЮ рЅарѕўрЅБрѕЇ рЅаріарѕИрЅБрѕфріљрЅх рЅарЅ░рЇѕрѕерїђрІЇ рЅ│рїБрЅѓ рЅАрІхріЋ рІерѕџрЇѕрїИрѕЎ рѕўрѕ░рѕЇ рІхрѕГрїірЅХрЅй ріЦрІерЅ░рЅарѕФріерЅ▒ рѕўрѕЮрїБрЅ│рЅИрІЇріЋ ріарѕхрѕерІхрЅ░рІІрѕЇрЇАрЇА

рЅарІџрѕЁрѕЮ РђюріеріаріЋрІх рѕ│рѕЮріЋрЅх рЅарЇірЅх рЅаріаріЋрІх рѕЮрѕйрЅх рЅЦрЅ╗ ріерѕ▒рѕЅрѕЇрЅ│ ріГрЇЇрѕѕ ріерЅ░рѕЏ ріфрІ│ріљрѕЮрѕЋрѕерЅх рЅцрЅ░ріГрѕГрѕхрЅ▓рІФріЋ ріаріФрЅБрЅб ріерѕЮрѕйрЅ▒ рѕХрѕхрЅх рѕ░рІЊрЅх рѕІрІГ рЅЂрїЦрѕФрЅИрІЇ ріе20 рЅарѕІрІГ рІерѕџрѕєріЉ рѕ░рІјрЅй рЅарѕИріћ рЅ│рїБрЅѓрІјрЅй рЅ│рЇЇріљрІЇ рЅ░рІѕрѕхрІ░рІІрѕЇрЇАрЇАРђЮ рѕ▓рѕЅ ріљрІЇ рІерїѕрѕѕрї╣рЅхрЇб рѕ░рІјрЅ╣ рЅарЅ░рІѕрѕ░рІ▒рЅарЅх рІЋрѕѕрЅхрѕЮ рѕЮріЋрѕЮ ріарІГріљрЅх рІерѕўрѕ│рѕфрІФ рІхрѕЮрїй рЅБрѕѕрѕўрѕ░рѕЏрЅ▒ рІерїИрїЦрЅ│ ріаріФрѕІрЅх рІ░рѕГрѕ░рІЇ рѕірІФрѕхрїЦрѕЈрЅИрІЇ ріЦріЋрІ│рѕЇрІ│рЅ╗рѕЅ рїарЅЁрѕ░рІІрѕЇрЇб 

рѕерЅАрІЋ рїЇріЋрЅдрЅх 30/2015 ріЦріЋрІ▓рѕЂ рЅЂрїЦрѕФрЅИрІЇ рІФрѕЇрЅ│рІѕрЅЂ рѕ░рІјрЅй рѕЮрѕйрЅх рѕІрІГ рЅ│рїЇрЅ░рІЇ рѕўрІѕрѕ░рІ│рЅИрІЇріЋ рЅ░ріЊрїЇрѕерІІрѕЇрЇАрЇА

рІерЅ░рІѕрѕ░рІ▒рЅх рѕ░рІјрЅйрѕЮ ріЦрѕхріФрѕЂріЋ рІхрѕерѕх рІФрѕЅрЅарЅх ріарІГрЅ│рІѕрЅЁрѕЮ рІерЅ░рЅБрѕѕ рѕ▓рѕєріЋрЇц ріарїІрЅЙрЅйрѕЮ рІГрѕЁріЋ рІФрѕЁрѕЇ рЅЦрѕГ ріарѕЮрїАріЊ ріЦріЋрѕѕрЅЃрЅИрІІрѕѕріЋ рЅарѕЏрѕѕрЅх ріЦрІерЅ░рІ░рѕФрІ░рѕЕ ріЦріЋрІ░рѕџрїѕріЎ рЅ░рїѕрѕЇрї┐рѕЇрЇб ріљрІІрѕфрІјрЅ╣ рЅ│рїБрЅѓ рЅАрІхріЉ ріерЅЁрѕГрЅЦ рїірІюрІФрЅх рІѕрІ▓рѕЁ рЅаріаріФрЅБрЅбрІЇ ріЦріЊ рЅарѕїрѕјрЅй ріарІІрѕ│ріЮ рІѕрѕерІ│рІјрЅй рЅарѕхрЇІрЅх ріЦріЋрІ░рѕџріЋрЅђрѕ│рЅђрѕх рІерЅ░ріЊрїѕрѕЕ рѕ▓рѕєріЋрЇц рЅхрїЇрѕЅрѕЮ ріерѕїрѕІ ріаріФрѕЇ рїІрѕГ рѕ│рІГрѕєріЋ ріЋрї╣рѕЃріЋ рІюрїјрЅйріЋ ріЦрІФрЇѕріљ рїѕріЋрІўрЅЦ рѕўрїарІерЅЁ ріљрІЇ рѕ▓рѕЅ ріарЅЦрѕФрѕГрЅ░рІІрѕЇрЇАрЇА

┬а---ETHIO-MEREJA---
┬а T.me/ethio_mereja",2023-06-09 10:32:56+00:00,images/25335.jpg,file://C:\Users\KIIT\Desktop\Programming\nahom's webscraping project\images\25335.jpg
"РђюрѕЁрІЮрЅа рѕЎрѕхрѕірѕЎ ріаріЋрІхріљрЅ▒ріЋ рЅарѕЏрїаріЊріерѕГріЊ рЅарІ▒рІЊ рЅарѕўрЅарѕГрЅ│рЅх рѕўрІ░рЅаріЏ рІерїЂрѕЮрІЊ рѕ░рѕІрЅ▒ріЋ рЅЦрЅ╗ ріЦріЋрІ▓рІФріеріЊрІЇріЋ рїЦрѕф ріЦріЊрЅђрѕГрЅБрѕѕріЋрЇбРђЮ-ріАрѕхрЅ│рІЮ ріарЅАрЅаріГрѕГ ріарѕЁрѕўрІх

рЅарі╣рѕЅрѕЮ рѕўрѕ│рїѓрІХрЅй ріерЅЂріЉрЅх рІ▒рІЊ рІЇрїф рІерЅ░рЅЃрІЇрѕъ ріЦріЋрЅЁрѕхрЅЃрѕ┤рІјрЅй ріарѕхрЇѕрѕІрїі рЅБрѕѕрѕўрѕєріЊрЅИрІЇ рѕЁрІЮрЅа рѕЎрѕхрѕірѕЎ рІерЅ░рѕѕрѕўрІ░ рЅ│рІБрІЦріљрЅ▒ріЋ рЅарѕЏрѕ│рІерЅх рІерїЂрѕЮрІЊ рѕ░рѕІрЅ▒ріЋ рѕ░рїЇрІХ рЅЦрЅ╗ рѕўрѕўрѕѕрѕх ріЦріЋрІ│рѕѕрЅарЅх ріАрѕхрЅ│рІЮ ріарЅАрЅаріГрѕГ ріарѕЁрѕўрІх ріарѕ│рѕхрЅарІІрѕЇрЇб

ріАрѕхрЅ│рІЮ ріарЅАрЅаріГрѕГ рЅарѕЏрѕЁрЅарѕФрІі рЅхрѕхрѕхрѕГ рїѕрї╗рЅИрІЇ рЅБрѕ░рЇѕрѕЕрЅх рѕўрѕЇрІЋріГрЅхрЇц рІерібрЅхрІ«рїхрІФ ріЦрѕхрѕЇрѕЮріЊ рїЅрІ│рІ«рЅй рїарЅЁрѕІрІГ рѕЮріГрѕГ рЅцрЅх рІерѕЦрѕФ ріарѕўрѕФрѕ«рЅй рѕ╝рІГрій рѕЂрѕ┤ріЋ рїерѕЮрѕ« рІерЇЋрѕгрІЮрІ│ріЋрЅ▒ ріарѕЏріФрѕфрІјрЅй ріАрѕхрЅ│рІЮ ріарЅАрЅаріГрѕГ ріарѕЁрѕўрІхрЇБ ріАрѕхрЅ│рІЮ ріарѕЁрѕўрІ▓ріЋ рїђрЅарѕЇ рЇБріАрѕхрЅ│рІЮ ріФрѕџрѕЇ рѕИрѕЮрѕ▒ ріЦріЋрІ▓рѕЂрѕЮ ріерідрѕ«рѕџрІФ рѕўрїЁрѕірѕх рѕ╝рІГрій рѕџрѕхрЅБ ріЦріЊ рѕїрѕјрЅй ріарѕўрѕФрѕ«рЅй ріерЇїрІ░рѕФрѕЇ рЇќрѕірѕх рі«рѕџрѕйріЋ рі«рѕџрѕйріљрѕГ рІ░рѕўрѕІрѕй рїѕ/рѕџрігріцрѕЇ рїІрѕГ рЅарЅхріЊріЋрЅхріЊрІЇ рІЋрѕѕрЅх рІЇрїцрЅ│рѕЏ рІЇрІГрІГрЅх рѕўріФрѕёрІ▒ріЋ рїѕрѕЇрїИрІІрѕЇрЇб

рЅарІЇрІГрІГрЅ▒ рѕІрІГ рІерЇѕрІ░рѕФрѕЇ рЇќрѕірѕх рі«рѕџрѕйріЋ рІІріЊ ріЦріЊ рѕЮріГрЅхрѕЇ рі«рѕџрѕйріљрѕ«рЅйріЋ рїерѕЮрѕ« рІеріарІ▓рѕх ріарЅарЅБ рЇќрѕірѕх рі«рѕџрѕйріЋ рі«рѕџрѕйріљрѕГ рїїрЅ▒ ріарѕГрїІрІЇ ріЦріЊ ріерЇЇрЅ░ріЏ рІерЇђрїЦрЅ│ рѕљрІГрѕЅ ріарѕўрѕФрѕ«рЅй рѕўріФрЇѕрѕІрЅИрІЇріЋ ріарѕхрЅ│рІЇрЅђрІІрѕЇрЇб рЅарІЇрІГрІГрЅ▒ рѕІрІГ рЅарѕИрїѕрѕГ ріерЅ░рѕЏ рІерЇѕрѕерѕ▒ рѕўрѕхрїѓрІХрЅйріЋ рЅ░ріерЅхрѕј рЅарі╣рѕѕрЅх рїЂрѕЮрІЊрІјрЅй рЅарѕЁрІЮрЅа рѕЎрѕхрѕірѕЎ рѕІрІГ рІерЅ░рІѕрѕ░рІ▒рЅх ріб рѕ░рЅЦрІЊрІі ріЦріЊ ріерѕЇріГ рІФрѕѕрЇЅ рІеріЃрІГрѕЇ ріЦрѕГрѕЮрїЃрІјрЅй рЅ░рЅђрЅБрІГріљрЅх рІерѕїрѕІрЅИрІЇ ріЦріЊ рѕЁрІЮрЅа рѕЎрѕхрѕірѕЎріЋ ріЦрїЁрїЇ рІФрѕ│рІўріљ рѕўрѕєріЉрѕЮ рЅ░рїѕрѕЇрї┐рѕЇрЇб

ріарїѕрѕГ рІѕрІ│рІх ріЦріЊ рѕ░рѕІрѕЏрІі рѕѕрѕєріљрІЇ рѕЁрІЮрЅа рѕЎрѕхрѕірѕЮ рѕЁрїІрІі рїЦрІФрЅё рЅарѕ░рѕІрѕЏрІі рѕўріЋрїѕрІх рЅарѕЏрЅЁрѕерЅА рЅарѕЮрѕІрѕ╣ рЅарЇђрїЦрЅ│ ріЃрІГрѕЅ рІерЅ░рІѕрѕ░рІ░рІЇ рІеріЃрІГрѕЇ ріЦрѕГрѕЮрїЃ рЅарѕЮріЋрѕЮ рѕўрѕўрІўріЏ рІерѕџрїѕрЅБрІЇ ріЦріЋрІ│рѕЇріљрЅарѕГ ріЦріЊ рїЦрЇІрЅх ріЦріЋрІ░рѕєріљ рѕѕрЇђрїЦрЅ│ ріарѕўрѕФрѕ«рЅ╣ рѕЏрЅЦрѕФрѕфрІФ рѕўрѕ░рїарЅ▒ріЋрѕЮ рїѕрѕЇрїИрІІрѕЇрЇб рЅарЇђрїЦрЅ│ ріЃрІГрѕЅ рЅаріЕрѕЇрѕЮ рІерѕЎрѕхрѕірѕЎріЋ рѕЋрїІрІі рїЦрІФрЅё рѕйрЇІріЋ рЅарѕЏрІхрѕерїЇ рІерѕФрѕ│рЅИрІЇ ріарїђріЋрІ│ рѕѕрѕЏрѕФрѕўрІх рІерѕъріерѕЕ ріЃрІГрѕјрЅй рѕўріќрѕФрЅИрІЇріЋ рѕўрѕерїЃ ріЦріЋрІ│рѕІрЅИрІЇ рЅарѕЏріЋрѕ│рЅх рІеріљрЅарѕФрЅИрІЇріЋ рѕхрїІрЅх рѕўрїЇрѕѕрї╗рЅИрІЇрѕЮ рЅ░ріљрїЇрѕ»рѕЇрЇб

рЅарІЇрІГрІГрЅ▒ рѕўрЅІрїФ рѕІрІГрѕЮ рЅарі╣рѕѕрЅ▒ рїЂрѕЮрІЊрІјрЅй рЅарЅ░рІѕрѕ░рІ░рІЇ рІеріЃрІГрѕЇ ріЦрѕГрѕЮрїЃ рЅаріЦрѕхрѕГ рѕІрІГ рІерѕџрїѕріЎрЅх рѕЎрѕхрѕірѕърЅй рЅарѕЎрѕЅ ріеріЦрѕхрѕГ рЅарѕџрЇѕрЅ▒рЅарЅх ріарїЇрЅБрЅЦ рѕІрІГ ріерѕхрѕЮрѕЮріљрЅх рѕІрІГ рѕўрІхрѕерѕх рѕўрЅ╗рѕЅріЋрѕЮ ріАрѕхрЅ│рІЮ ріарЅАрЅаріГрѕГ рЅарѕўрѕЇрІЋріГрЅ│рЅИрІЇ рІФрѕхрЅ│рІѕрЅЂ рѕ▓рѕєріЋрЇц ріерѕЋрїЇ ріарїЇрЅБрЅЦ рІЇрїф рІеріЃрІГрѕЇ ріЦрѕГрѕЮрїЃ рІерІѕрѕ░рІ▒ рІерїИрїЦрЅ│ рѕђрІГрѕЅ ріарЅБрѕІрЅхрѕЮ рЅарѕЋрїЇ ріарїЇрЅБрЅЦ ріЦріЋрІ▓рїарІерЅЂ рі«рѕџрЅ┤ рЅ░рІІрЅЁрѕ« рІерѕЏрїБрѕФрЅ▒ рѕЦрѕФ ріЦрІерЅ░рѕ░рѕФ ріЦріЋрІ░рѕџрїѕріЮ рѕўрїѕрѕѕрї╣ріЋ рЅ░ріЊрїЇрѕерІІрѕЇрЇб

рѕЁрІЮрЅа рѕЎрѕхрѕірѕЎ рІФрЅђрѕерЅБрЅИрІЇ рѕЋрїІрІі рїЦрІФрЅёрІјрЅ╣ рЅарідрѕ«рѕџрІФ ріГрѕЇрѕЇ рѕўріЋрїЇрѕЦрЅх рЅаріЕрѕЇ рѕўрЇЇрЅхрѕё рѕѕрѕўрѕхрїарЅх рЅЃрѕЇ рЅарѕўрїѕрЅБрЅ▒ ріЦріЊ рІГрѕЁрѕЮ рѕўрЇЇрЅхрѕё рЅ░рїЇрЅБрѕФрІі ріЦрѕхріфрѕєріЋ рІхрѕерѕх рѕЁрІЮрЅа рѕЎрѕхрѕірѕЎ рЅарЅ░рѕѕрѕўрІ░рІЇ рїерІІріљрЅ▒ рЅарЅхрІЋрїЇрѕхрЅх рЅарѕўрїарЅарЅЁ ріерѕўрѕф рІхрѕГрїЁрЅ▒ рѕўрїЁрѕірѕ▒ рїјріЋ рЅарѕўрЅєрѕЮ рЅарЅ░рЅІрѕЎ рІерЅ░рѕ░рїАрЅхріЋ рѕўрѕўрѕфрІФ ріЦріЊ рІерѕўрЇЇрЅхрѕё ріарЅЁрїБрїФ рЅарѕўрЅ░рїЇрЅарѕГ ріЦріЊ рЅарІ▒рІЊ рЅарѕЏрїѕрІЮ рІерЅаріЕрѕЅріЋ ріЦріЋрІ▓рІѕрїБрѕЮ рїЦрѕф рЅђрѕГрЅДрѕЇрЇб

рѕхрѕѕрѕєріљрѕЮрЇц РђюрЅарЅђрїБрІГ рЅБрѕЅ рїЂрѕЮрІЊрІјрЅй ріерѕўрЅ╝рІЇрѕЮ рїірІю рЅарѕІрІГ рѕЁрІЮрЅа рѕЎрѕхрѕірѕЎ ріаріЋрІхріљрЅ▒ріЋ рЅарѕЏрїаріЊріерѕГ ріЦріЊ рЅарІ▒рІЊ рЅарѕўрЅарѕГрЅ│рЅх рѕўрІ░рЅаріЏ рІерїЂрѕЮрІЊ рѕ░рѕІрЅ▒ріЋ рЅЦрЅ╗ ріЦріЋрІ▓рІФріеріЊрІЇріЋ рїЦрѕф ріЦріЊрЅђрѕГрЅБрѕѕріЋрЇбРђЮ рѕ▓рѕЅ ріАрѕхрЅ│рІЮ ріарЅАрЅаріГрѕГ ріарѕЁрѕўрІх рѕўрѕЇрІЋріГрЅ│рЅИрІЇріЋ ріарѕхрЅ░рѕІрѕЇрЇѕрІІрѕЇрЇб

┬а---**ETHIO-MEREJA---
┬а ****T.me/ethio_mereja**",2023-06-09 07:28:58+00:00,,
,2023-06-09 07:28:51+00:00,images/25333.jpg,file://C:\Users\KIIT\Desktop\Programming\nahom's webscraping project\images\25333.jpg
,2023-06-09 07:28:51+00:00,images/25332.jpg,file://C:\Users\KIIT\Desktop\Programming\nahom's webscraping project\images\25332.jpg
,2023-06-09 07:28:51+00:00,images/25331.jpg,file://C:\Users\KIIT\Desktop\Programming\nahom's webscraping project\images\25331.jpg
"рѕЏрѕхрЅ│рІѕрЅѓрІФРђ╝№ИЈ
рѕўріфріЊ рЅарЅ░рѕўрїБрїБріЮ рІІрїІРђ╝№ИЈ
рѕўріфріЊ рѕѕрѕўрїЇрІЏрЅх ріФрѕ░рЅА рЅЦрІЎ ріарѕЏрѕФрїГ ріЦріЏ рїІрѕГ рІФрїѕріЏрѕЅ ріЦріЋрІ▓рѕЂрѕЮ рѕѕрІўрѕўріЊрІі рѕўріфріЊ рЇѕрѕІрїірІјрЅй рѕхрѕѕрѕџрїѕрІЎрЅх рѕўріфріЊ ріЦріЊрѕЏріГрѕФрѕѕріЋ!!!
­Ъћ┤┬а рЅарЅБріЋріГ рЅЦрІхрѕГ ріарІ▓рѕх рѕўріфріЊ рѕўрїЇрІЏрЅх рѕЮрЅхрЇѕрѕЇрїЅ рІ░ріЋрЅаріърЅ╗рЅйріЋ 50% рЅЦрІхрѕГ рЅа15.5 рІѕрѕѕрІх рѕѕ5 ріарѕўрЅх рІерѕџріерЇѕрѕЇ ріЦріЊрѕўрЅ╗рЅ╗рѕѕріЋРЮЌ
ріерѕхрѕГ рЅБрѕѕрІЇ рѕіріЋріГ рІерЅ┤рѕїрїЇрѕФрѕЮ рЅ╗ріЊрѕІрЅйріЋріЋ Join рЅарѕЏрѕѕрЅх рѕхрѕѕрѕўріфріЊ рІѕрЅЁрЅ│рІі рІІрїІ ріЦріЊ рѕўрѕерїЃ рІФрїЇріЎ ­ЪЉЄ­ЪЉЄ­ЪЉЄ­ЪЉЄ­ЪЉЄ­ЪЉЄ
https://t.me/AbrahamDealer
https://t.me/AbrahamDealer
рѕхрѕЇріГ­ЪЊъ­ЪЊъ­ЪЉЄ
+251939842424
+251992229292",2023-06-09 06:49:34+00:00,images/25330.jpg,file://C:\Users\KIIT\Desktop\Programming\nahom's webscraping project\images\25330.jpg
"­ЪјЂ Real Gift for Real Ones!

­ЪјіReal рѕхрїдрЅ│­ЪјЂ ріе Real Engraving­Ъјі
РќХ№ИЈ рѕѕ 7 рЅђріЋ рІерѕџрЅєрІГ рІе 10% рЅЁріЊрѕй

#ріЦрІЇріљрЅ░ріЏ рѕЏрѕхрЅ│рІѕрѕ║рІФ рЅаріЦріЋрїерЅх ріЦріЊ рЅарЅєрІ│ рѕІрІГ┬а ріарѕЂріЉріЉ рІГрІўрІЎріЋ
­ЪЊ▓ 0900479732/0777256899
рЅ┤рѕїрїЇрѕФрѕЮ┬а@engravingorder
┬а┬а┬а┬а┬а┬а┬а┬а┬а┬а┬а https://t.me/realengraving

­Ъџџ Free delivery in Addis Abeba

­ЪЊї Location around Goro",2023-06-09 06:36:38+00:00,images/25329.jpg,file://C:\Users\KIIT\Desktop\Programming\nahom's webscraping project\images\25329.jpg
"#рѕЏрІГ_ріерѕхріерѕхрЅ░рѕЮ_рЅаріарІ│рІ▓рѕх_рІ▓рІЏрІГріЋ_рЅЦрЅЁ_рЅЦрѕѕріЊрѕЇ!                                                                                                                                                  ­ЪњЂРђЇРЎѓ№ИЈріЦріЋрІ▓рѕЁ рІерѕџрІФрѕЮрѕГ рѕ╣рѕФрЅдрЅйрЇБрЅ▓рѕИрѕГрЅхрЇБрЅЂрѕЮрїБрІјрЅй ріЦріЋрІ▓рѕЂрѕЮ рІеріарЇЇрѕфріФ ріЦріЊ рІерѕђрїѕрѕГ рЅБрѕЁрѕЇ рѕЇрЅЦрѕХрЅйрЇб                                                                                                                                                                ­ЪЉЅ рѕерЅѓрЅЁ рІ▓рІЏрІГріЋ рІўрѕўріЋ ріерѕЏрІГрѕйрѕерІЇ рІЇрЅарЅх ріЦріЊ рїЦрѕФрЅх рїІрѕГ ріарІІрѕЁрІ░ріЋ рЅарЅЦрІЎ ріарѕЏрѕФрї«рЅй ріарЅЁрѕГрЅаріЊрѕЇ::  рЅбрЇѕрѕЇрїЅ рѕѕрѕЏрІўрІЮ рЇБ рЅбрІФрѕ╗рІј рѕѕрѕўрїЇрІЏрЅх рЇБ ріарѕЇрІФрѕЮ рѕѕрѕўріерѕФрІерЅх рІерѕџрѕєріЉ рѕЇрЅЦрѕХрЅйріЋ ріарІўрїІрїЁрЅ░ріЊрѕЇ :: 
 рѕѕрЅарѕѕрїа рѕўрѕерїЃ :-  0906609792
                           0982044194
                           0936724570 рІГрІ░рІЇрѕЅрѕЇріЋ­ЪЉЇ
Telegram
­ЪЉЅ https://t.me/tshirt_x",2023-06-09 06:36:21+00:00,images/25328.jpg,file://C:\Users\KIIT\Desktop\Programming\nahom's webscraping project\images\25328.jpg
"**рЅарѕђрѕерѕф ріГрѕЇрѕЇ ріерїЂрѕЮрІЊ рѕХрѕІрЅх рЅаріІрѕІ рІерЅ░рЇѕрЅђрІ░ рѕ░рѕЇрЇЇ ріЦріЋрІ░рѕїрѕѕ рІеріГрѕЇрѕЅ рЇќрѕірѕх рі«рѕџрѕйріЋ ріарѕ│рІѕрЅђ**

рЅарѕђрѕерѕф ріГрѕЇрѕЇ рЅарІЏрѕгрІЇ ріЦрѕѕрЅх рѕЮріЋрѕЮ ріарІГріљрЅх рІерЅ░рЇѕрЅђрІ░ рІеріарІ░рЅБрЅБрІГ ріЦріЋрІ▓рѕЂрѕЮ рЇќрѕірѕхрѕЮ рѕєріљ рІеріГрѕЇрѕЅ рѕўріЋрїЇрѕЦрЅх ріаріФрѕІрЅх рІерѕџрІФрІЇрЅЂрЅх рѕ░рѕЇрЇЇ ріарѕѕрѕўріќрѕЕріЋ рІеріГрѕЇрѕЅ рЇќрѕірѕх рі«рѕџрѕйріЋ ріарѕхрЅ│рІЇрЅІрѕЇрЇб 

рі«рѕџрѕИрІѕріЉ рЇц рЅарѕїрѕјрЅй ріаріФрЅБрЅбрІјрЅй рѕўрѕхрїѓрІХрЅй рЇѕрѕГрѕ░рІІрѕЇ рЅарѕџрѕЇ рѕЮріГріЋрІФрЅх рѕђрІГрѕЏріќрЅхріЋ рѕйрЇІріЋ рЅарѕЏрІхрѕерїЇ рЅБрѕѕрЇѕрІЇ рѕ│рѕЮріЋрЅх рІеріарѕГрЅЦ (рІерїЂрѕЮрІЊ) рѕХрѕІрЅх ріерЅ░рїаріЊрЅђрЅђ рЅаріІрѕІ рѕЋрїѕрІѕрїЦ рѕ░рѕЇрЇЇ рЅарѕЏрІхрѕерїЇ рЅарЇѕрїарѕЕрЅх рѕЂріерЅхрЇБ рѕерЅЦрѕ╗ріЊ рїЇрѕГрїЇрѕГ рѕЁрїЇ рЅарѕЏрѕхріерЅарѕГ рѕхрѕФ рѕІрІГ рЅарЅ░рѕ░рѕЏрѕЕ рІерЇќрѕірѕх ріарЅБрѕІрЅх рѕІрІГ рЅђрѕІрѕЇ рІеріаріФрѕЇ рїЅрІ│рЅхріЊ ріЦріЊ рЅаріЋрЅЦрѕерЅх рѕІрІГ рїЅрІ│рЅх рІерІ░рѕерѕ░ рЅбрѕєріЋрѕЮ рІеріерЇІ рїЅрІ│рЅх ріЦріЋрІ│рІГрІ░рѕГрѕх рЅарЅхрІЋрїЇрѕхрЅх рІеріГрѕЇрѕЅріЋ рѕ░рѕІрѕЮ рѕЏрѕерїІрїІрЅ│рЅИрІЇ рІерѕџрЅ│рІѕрЅЁ ріљрІЇ рѕЏрѕѕрЅ▒ріЋ рЅЦрѕхрѕФрЅх рѕФрІ▓рІ« рѕ░рѕЮрЅирѕЇрЇб 

рІГрѕЁ рЅаріЦріЋрІ▓рѕЁ ріЦріЋрІ│рѕѕ ріаріЋрІ│ріЋрІх ріаріФрѕІрЅх рЅарЅ░рѕѕрІФрІЕ рІерѕЏрѕЁрЅарѕФрІі рѕџрІ▓рІФ ріарІЇрЅ│рѕ«рЅйріЋ рЅарѕўрїарЅђрѕЮ рЅарІЏрѕгрІЇ ріЦрѕѕрЅх рїЂрѕЮрІЊ рѕХрѕІрЅх ріерЅ░рїаріЊрЅђрЅђ рЅаріЃрѕІ рѕЋрїѕрІѕрїЦ рѕ░рѕЇрЇЇ рѕѕрѕЏрІхрѕерїЇ рЅЁрѕхрЅђрѕ│рІјрЅйріЋ ріЦрІФрІ░рѕерїЅ ріЦріЋрІ░рѕџрїѕріЎ рі«рѕџрѕйріЉ рѕЏрѕерїІрїѕрїЦ рЅйрІФрѕѕрѕЂ рЅЦрѕЈрѕЇрЇб 

рЅарѕўрѕєріЉрѕЮ рЅарІЏрѕгрІЅ ріЦрѕѕрЅх рЅаріГрѕЇрѕЅ рЅарѕџрѕўрѕѕріерЅ░рІЇ ріаріФрѕЇ рІерЅ░рЇѕрЅђрІ░ рѕ░рѕЇрЇЇ рІерѕїрѕѕ рѕўрѕєріЉ рЅ│рІЇрЅє ріЁрЅЦрѕерЅ░рѕхрЅА ріерІџрѕЁ рѕЋрїѕ рІѕрїЦ рѕ░рѕЇрЇЇ рѕФрѕ▒ріЋ ріЦріЋрІ▓рїарЅЦрЅЁ рі«рѕџрѕйріЉ ріарѕхрїаріЋрЅЁрЅІрѕЇрЇб рІГрѕёріЋріЋ рѕЏрѕ│рѕ░рЅбрІФ рЅ░рѕІрѕЇрЇѕрІЇ рІерѕџрїѕріЎ ріаріФрѕІрЅхріЋ рІерѕЏрІГрЅ│рїѕрѕхріЊ рѕЁрїЇріЋ рІерѕЏрѕхріерЅарѕГ рѕђрѕІрЇіріљрЅ▒ріЋ рІерѕџрІѕрїБ рѕўрѕєріЉріЋ ріарѕ│рІЅрЅІрѕЇрЇб

**┬а---ETHIO-MEREJA---
┬а ****T.me/ethio_mereja**",2023-06-09 05:50:18+00:00,images/25327.jpg,file://C:\Users\KIIT\Desktop\Programming\nahom's webscraping project\images\25327.jpg
"рЅарѕђрѕерѕф ріГрѕЇрѕЇ ріерїЂрѕЮрІЊ рѕХрѕІрЅх рЅаріІрѕІ рІерЅ░рЇѕрЅђрІ░ рѕ░рѕЇрЇЇ ріЦріЋрІ░рѕїрѕѕ рІеріГрѕЇрѕЅ рЇќрѕірѕх рі«рѕџрѕйріЋ ріарѕ│рІѕрЅђРђ╝№ИЈ

рЅарѕђрѕерѕф ріГрѕЇрѕЇ рЅарІЏрѕгрІЇ ріЦрѕѕрЅх рѕЮріЋрѕЮ ріарІГріљрЅх рІерЅ░рЇѕрЅђрІ░ рІеріарІ░рЅБрЅБрІГ ріЦріЋрІ▓рѕЂрѕЮ рЇќрѕірѕхрѕЮ рѕєріљ рІеріГрѕЇрѕЅ рѕўріЋрїЇрѕЦрЅх ріаріФрѕІрЅх рІерѕџрІФрІЇрЅЂрЅх рѕ░рѕЇрЇЇ ріарѕѕрѕўріќрѕЕріЋ рІеріГрѕЇрѕЅ рЇќрѕірѕх рі«рѕџрѕйріЋ ріарѕхрЅ│рІЇрЅІрѕЇрЇб 

рі«рѕџрѕИрІѕріЉ рЇц рЅарѕїрѕјрЅй ріаріФрЅБрЅбрІјрЅй рѕўрѕхрїѓрІХрЅй рЇѕрѕГрѕ░рІІрѕЇ рЅарѕџрѕЇ рѕЮріГріЋрІФрЅх рѕђрІГрѕЏріќрЅхріЋ рѕйрЇІріЋ рЅарѕЏрІхрѕерїЇ рЅБрѕѕрЇѕрІЇ рѕ│рѕЮріЋрЅх рІеріарѕГрЅЦ (рІерїЂрѕЮрІЊ) рѕХрѕІрЅх ріерЅ░рїаріЊрЅђрЅђ рЅаріІрѕІ рѕЋрїѕрІѕрїЦ рѕ░рѕЇрЇЇ рЅарѕЏрІхрѕерїЇ рЅарЇѕрїарѕЕрЅх рѕЂріерЅхрЇБ рѕерЅЦрѕ╗ріЊ рїЇрѕГрїЇрѕГ рѕЁрїЇ рЅарѕЏрѕхріерЅарѕГ рѕхрѕФ рѕІрІГ рЅарЅ░рѕ░рѕЏрѕЕ рІерЇќрѕірѕх ріарЅБрѕІрЅх рѕІрІГ рЅђрѕІрѕЇ рІеріаріФрѕЇ рїЅрІ│рЅхріЊ ріЦріЊ рЅаріЋрЅЦрѕерЅх рѕІрІГ рїЅрІ│рЅх рІерІ░рѕерѕ░ рЅбрѕєріЋрѕЮ рІеріерЇІ рїЅрІ│рЅх ріЦріЋрІ│рІГрІ░рѕГрѕх рЅарЅхрІЋрїЇрѕхрЅх рІеріГрѕЇрѕЅріЋ рѕ░рѕІрѕЮ рѕЏрѕерїІрїІрЅ│рЅИрІЇ рІерѕџрЅ│рІѕрЅЁ ріљрІЇ рѕЏрѕѕрЅ▒ріЋ рЅЦрѕхрѕФрЅх рѕФрІ▓рІ« рѕ░рѕЮрЅирѕЇрЇб 

рІГрѕЁ рЅаріЦріЋрІ▓рѕЁ ріЦріЋрІ│рѕѕ ріаріЋрІ│ріЋрІх ріаріФрѕІрЅх рЅарЅ░рѕѕрІФрІЕ рІерѕЏрѕЁрЅарѕФрІі рѕџрІ▓рІФ ріарІЇрЅ│рѕ«рЅйріЋ рЅарѕўрїарЅђрѕЮ рЅарІЏрѕгрІЇ ріЦрѕѕрЅх рїЂрѕЮрІЊ рѕХрѕІрЅх ріерЅ░рїаріЊрЅђрЅђ рЅаріЃрѕІ рѕЋрїѕрІѕрїЦ рѕ░рѕЇрЇЇ рѕѕрѕЏрІхрѕерїЇ рЅЁрѕхрЅђрѕ│рІјрЅйріЋ ріЦрІФрІ░рѕерїЅ ріЦріЋрІ░рѕџрїѕріЎ рі«рѕџрѕйріЉ рѕЏрѕерїІрїѕрїЦ рЅйрІФрѕѕрѕЂ рЅЦрѕЈрѕЇрЇб 

рЅарѕўрѕєріЉрѕЮ рЅарІЏрѕгрІЅ ріЦрѕѕрЅх рЅаріГрѕЇрѕЅ рЅарѕџрѕўрѕѕріерЅ░рІЇ ріаріФрѕЇ рІерЅ░рЇѕрЅђрІ░ рѕ░рѕЇрЇЇ рІерѕїрѕѕ рѕўрѕєріЉ рЅ│рІЇрЅє ріЁрЅЦрѕерЅ░рѕхрЅА ріерІџрѕЁ рѕЋрїѕ рІѕрїЦ рѕ░рѕЇрЇЇ рѕФрѕ▒ріЋ ріЦріЋрІ▓рїарЅЦрЅЁ рі«рѕџрѕйріЉ ріарѕхрїаріЋрЅЁрЅІрѕЇрЇб рІГрѕёріЋріЋ рѕЏрѕ│рѕ░рЅбрІФ рЅ░рѕІрѕЇрЇѕрІЇ рІерѕџрїѕріЎ ріаріФрѕІрЅхріЋ рІерѕЏрІГрЅ│рїѕрѕхріЊ рѕЁрїЇріЋ рІерѕЏрѕхріерЅарѕГ рѕђрѕІрЇіріљрЅ▒ріЋ рІерѕџрІѕрїБ рѕўрѕєріЉріЋ ріарѕ│рІЅрЅІрѕЇрЇб

@Esat_tv1
@Esat_tv1",2023-06-09 06:34:45+00:00,images/17787.jpg,file://C:\Users\KIIT\Desktop\Programming\nahom's webscraping project\images\17787.jpg
