,Text,Date
0,"рІеріљрІ│рїЁ рІІрїІ рЅБрѕѕрЅарЅх рІГрЅђрїЦрѕІрѕЇрЇб

рІерѕ░ріћ рІѕрѕГ рІеріљрІ│рїЁ рѕЮрѕГрЅХрЅй рІерЅйрѕГрЅ╗рѕ« рѕўрѕИрїФ рІІрїІ рЅБрѕѕрЅарЅх ріЦріЋрІ░рѕџрЅђрїЦрѕЇ рЅ░рїѕрѕЇрї┐рѕЇрЇб

#рІерѕЂрѕЅрѕЮ_ріљрІ│рїЁ_рѕЮрѕГрЅХрЅй рІерЅйрѕГрЅ╗рѕ« рѕўрѕИрїФ рІІрїІ ріерїЇріЋрЅдрЅх 29 рЅђріЋ 2015 рІЊ.рѕЮ рїђрѕЮрѕ« ріЦрѕхріе рѕ░ріћ 30 рЅђріЋ 2015 рІЊ.рѕЮ рІхрѕерѕх рЅарїЇріЋрЅдрЅх рІѕрѕГ рѕ▓рѕИрїЦ рЅаріљрЅарѕерІЇ рІІрїІ ріЦріЋрІ░рѕџрЅђрїЦрѕЇ рІеріЋрїЇрІх ріЦріЊ рЅђрїаріЊрІі рЅхрѕхрѕхрѕГ рѕџріњрѕхрЅ┤рѕГ ріарѕ│рІЇрЅІрѕЇрЇб

рЅарІџрѕЂ рѕўрѕарѕерЅх :-

1. рЅцріЋрІџріЋ  ----- рЅЦрѕГ 69.52 рЅарѕірЅхрѕГ

2. ріљрїГ ріЊрЇЇрїБ ---- рЅЦрѕГ 71.15 рЅарѕірЅхрѕГ

3. рігрѕ«рѕ▓ріЋ ---- рЅЦрѕГ 71.15 рЅарѕірЅхрѕГ 

4. рІеріарІЇрѕ«рЇЋрѕІріЋ ріљрІ│рїЁ ---- рЅЦрѕГ 65.35 рЅарѕірЅхрѕГ

5. рЅђрѕІрѕЇ рїЦрЅЂрѕГ ріЊрЇЇрїБ ---- рЅЦрѕГ 57.97 рЅарѕірЅхрѕГ

6. ріерЅБрІх рїЦрЅЂрѕГ ріЊрЇЇрїБ ---- рЅЦрѕГ 56.63 рЅарѕірЅхрѕГ

рѕўрѕерїЃрІЇ рІеріЋрїЇрІхріЊ рЅђрїаріЊрІі рЅхрѕхрѕхрѕГ рѕџріњрѕхрЅ┤рѕГ / ріцрЇЇрЅбрѕ▓ ріљрІЇрЇб

@tikvahethiopia",2023-06-05 15:41:17+00:00
1,,2023-06-05 15:41:17+00:00
2,"#DigitalLottery

ріарІхрѕЏрѕх рІ▓рїѓрЅ│рѕЇ рѕјрЅ░рѕф рІЏрѕг рїЇріЋрЅдрЅх 28 рЅђріЋ 2015 рІЊ/рѕЮ рЅарЅЦрѕёрѕФрІі рѕјрЅ░рѕф рІерІЋрїБ рѕЏрІЇрїФ ріарІ│рѕФрѕй рЅарѕЁрІЮрЅЦ рЇірЅх рІѕрїЦрЅирѕЇрЇб

3 рѕџрѕірІ«ріЋ рЅЦрѕГ рЅБрѕѕрІЋрІхрѕѕріЏ рІерѕџрІФрІ░рѕГрїѕрІЇ рІерІЋрїБ рЅЂрїЦрѕГ 011851289 рѕєріќ рІѕрїЦрЅирѕЇрЇб

­ЪЉЅ 3 рѕџрѕірІ«ріЋ рЅЦрѕГ - 0111851289
­ЪЉЅ 1,200,000 рЅЦрѕГ - 0111137546
­ЪЉЅ 800 рѕ║рѕЁ рЅЦрѕГ - 0112042798
­ЪЉЅ 400 рѕ║рѕЁ рЅЦрѕГ - 0110682365
­ЪЉЅ 250 рѕ║рѕЁ рЅЦрѕГ - 0111989047

(рЅ░рїерѕЏрѕф рІерІЋрїБ рЅЂрїЦрѕ«рЅй ріерѕІрІГ рЅ░рІФрІГрІўрІІрѕЇ)

рѕЮріЋрїГрЇд рІерЅЦрѕћрѕФрІі рѕјрЅ░рѕф ріарѕхрЅ░рІ│рІ░рѕГ

@tikvahethiopia",2023-06-05 14:09:28+00:00
3,,2023-06-05 14:09:28+00:00
4,"#EHRC

рІерібрЅхрІ«рїхрІФ рѕ░рЅЦріарІі рѕўрЅЦрЅХрЅй рі«рѕџрѕйріЋ ( #рібрѕ░рѕўрі« ) рЅарЅ░рѕѕрІГ ріерЅЁрѕГрЅЦ рїірІю рІѕрІ▓рѕЁ рЅарібрЅхрІ«рїхрІФ рІЇрѕхрїЦ рІерЅ░рѕѕрІФрІЕ ріаріФрЅБрЅбрІјрЅй ріЦрІерїерѕўрѕе рІерѕўрїБрІЇріЋ рІеріарѕхрїѕрІхрІХ рѕўрѕ░рІѕрѕГ (Enforced Disappearance) ріЦріЊ рЅ░рІГрІўрІЇ рІерѕџрїѕріЎрЅарЅх рѕЂріћрЅ│ рѕ│рІГрЅ│рІѕрЅЁ рЅаріЦрѕхрѕГ рѕІрІГ рІерѕџрїѕріЎ (incommunicada Detention) рѕ░рІјрЅйріЋ рїЅрІ│рІГ рѕ▓ріерЅ│рЅ░рѕЇ ріерЅєрІе рЅаріЃрѕІ рІЏрѕг рѕўрїЇрѕѕрїФ ріарІЇрїЦрЅирѕЇрЇб

рібрѕ░рѕўрі« рѕЮріЋ ріарѕѕ ?

- рЅарЅ░рѕѕрІГ рЅаріарІ▓рѕх ріарЅарЅБ ріерЅ░рѕЏрЇБ рЅарідрѕ«рѕџрІФріЊ рЅаріарѕЏрѕФ ріГрѕЇрѕјрЅй рЅарѕГріФрЅ│ рІеріарѕхрїѕрІхрІХ рѕўрѕ░рІѕрѕГріЋ рІхрѕГрїірЅх рІерѕџрІФрЅІрЅЂрѕЎ рІхрѕГрїірЅХрЅй рѕўріерѕ░рЅ│рЅИрІЇріЋ рЅ░рѕерїІрїЇрїДрѕЇрЇб

- ріарЅЦрІЏріЏрІЇріЋ рїірІю рІерІџрѕЁ рІхрѕГрїірЅх рѕ░рѕѕрЅБ рІерѕєріЉ рѕ░рІјрЅй ріерѕўріќрѕфрІФ рЅцрЅ│рЅИрІЇрЇБ ріерѕЦрѕФ рЅдрЅ│ рІѕрІГрѕЮ ріерѕўріЋрїѕрІх рѕІрІГ рІерѕ▓рЅфрѕЇріЊ рІерІ░ріЋрЅЦ рѕЇрЅЦрѕх рЅарѕѕрЅарѕ▒ рІерѕўріЋрїЇрѕЦрЅх рїИрїЦрЅ│ріЊ рІ░ріЁріЋріљрЅх рѕарѕФрЅ░ріърЅй рІФрѕѕ рЇЇрѕГрІх рЅцрЅх рІерѕўрІФрІБ рЅхріЦрІЏрІЮ рЅ░рІГрІўрІЇ ріерЅ│рѕ░рѕЕ рЅаріІрѕІ рІѕрІ│рѕЇрЅ│рІѕрЅђ рѕхрЇЇрѕФ ріЦрІерЅ░рІѕрѕ░рІ▒ ріЦріЋрІ▓рѕ░рІѕрѕЕ рІерЅ░рІ░рѕерїЅ рѕ▓рѕєріЋрЇБ ріерЇірѕјрЅ╣ ріерЅ░рІѕрѕ░ріЉ рЅђріЊрЅхрЇБ рѕ│рѕЮріЋрЅ│рЅх рІѕрІГрѕЮ рІѕрѕФрЅх рѕўрѕ░рІѕрѕГ рЅаріЃрѕІ рІерЅ░рїѕріЎ рѕўрѕєріЊрЅИрІЇ рІерЅ░рїѕрѕѕрїИ рЅбрѕєріЋрѕЮрЇБ рѕїрѕјрЅй рІГрѕЁ рѕўрїЇрѕѕрїФ ріЦрѕхріерЅ░рѕ░рїарЅарЅх рїірІю рІхрѕерѕх рЅарїЇрІ│рїЁ ріЦріЋрІ░рЅ░рѕ░рІѕрѕЕ рІерЅђрїарѕЅ ріЊрЅИрІЇрЇАрЇА

- ріерЅ░рїјрїѓрІјрЅй рѕўріФріерѕЇ рІерЅ░рІѕрѕ░ріЉрЅх рѕ▓рІФрІЎ рЅарІѕріЋрїђрѕЇ рЅ░рїарѕГрїЦрѕерІЇ рІерѕџрЇѕрѕѕрїЅ рѕўрѕєріЉ рЅ░ріљрїЇрѕ»рЅИрІЇ рІѕрІ░ рѕўрІ░рЅаріЏ рЇќрѕірѕх рїБрЅбрІФ ріерЅ░рІѕрѕ░рІ▒ рЅаріІрѕІ рІерЅ░рѕ░рІѕрѕЕ рѕ▓рѕєріЋ ріерЇірѕјрЅ╣ рІ░рїЇрѕъ рѕЮріЋрѕЮ рѕ│рІГріљрїѕрѕФрЅИрІЇ рЅарїИрїЦрЅ│ ріЃрІГрѕјрЅй рЅ░рІѕрѕхрІ░рІЇ рІерЅ░рѕ░рІѕрѕЕ ріЊрЅИрІЇрЇАрЇА

рѕЮрѕ│рѕї рЇд

#1

рЅаріарІ▓рѕх ріарЅарЅБ ріерЅ░рѕЏ ріерѕџрІФрІЮрІФ 24 рЅђріЋ 2015 рІЊ.рѕЮ. рїђрѕЮрѕ« рЅБрѕѕрІЇ рїірІю рІЇрѕхрїЦ рЅЦрЅ╗ рЅарѕЏрѕхрїѕрІ░рІх рЅ░рѕ░рІЇрѕерІЇ ріеріљрЅарѕЕ рѕ░рІјрЅй рІЇрѕхрїЦ ріерЅ░рѕѕрІФрІе рІерїірІю рѕўрїаріЋ рѕўрѕ░рІѕрѕГ рЅаріЃрѕІ рІѕрІ░ рЇїрІ┤рѕФрѕЇ рЇќрѕірѕх рїБрЅбрІФ рЅ░рІѕрѕхрІ░рІЇ рІерЅ░рїѕріЎ рѕ▓ріќрѕЕрЇБ ріарѕхрїѕрІхрІ░рІЇ рЅарЅ░рѕ░рІѕрѕЕрЅарЅх рІѕрЅЁрЅх рЅарідрѕ«рѕџрІФ ріГрѕЇрѕЇ рѕИрїѕрѕГ ріерЅ░рѕЏ рІЇрѕхрїЦ "" рїѕрѕІріЋ "" рЅ░рЅЦрѕј рЅарѕџрїарѕФрІЇ ріаріФрЅБрЅб рІерѕџрїѕріЮ рІерЅђрІхрѕърІЇ рѕЇрІЕ ріЃрІГрѕЇ ріФрѕЮрЇЋ рІЇрѕхрїЦ рЅ░рІГрІўрІЇ ріЦріЋрІ░рЅєрІЕ рѕѕрѕЏрІѕрЅЁ рЅ░рЅйрѕЈрѕЇрЇб рЅаріарѕхрїѕрІхрІХ рѕўрѕ░рІѕрѕЕ рІѕрЅЁрЅх рЅ░рЇѕрїйрѕЪрѕЇ рѕхрѕѕрЅ░рЅБрѕѕ рЅ░рїѕрЅб рІФрѕЇрѕєріљ ріарІФрІФрІЮ рІѕрІГрѕЮ #рІерѕЏрѕ░рЅЃрІерЅх рЅ░рїЇрЅБрѕГ рі«рѕџрѕйріЉ рѕЮрѕГрѕўрѕФрІЇріЋ рЅђрїЦрѕЈрѕЇрЇб

#2

рЅаріарѕЏрѕФ ріГрѕЇрѕЇ рЅарЅБрѕЋрѕГ рІ│рѕГ ріЦріЊ рЅарІ░рЅЦрѕе рЅЦрѕГрѕЃріЋ ріерЅ░рѕЏ рІеріарѕхрїѕрІхрІХ рѕўрѕ░рІѕрѕГ рѕ░рѕѕрЅБрІјрЅй рІерѕєріЉ рѕ░рІјрЅйріЋ рїЅрІ│рІГ рі«рѕџрѕйріЉ рѕ▓ріерЅ│рЅ░рѕЇ рЅєрІГрЅХ ріљрЅарѕГрЇб ріеріљрІџрѕЁрѕЮ рІЇрѕхрїЦ ріаріЋрІх рІерѕђрїѕрѕГ рѕўріерѕІріерІФ рѕарѕФрІірЅх ріарЅБрѕЇ "" ріерѕарѕФрІірЅ▒ ріерІхрЅирѕЇ "" рЅарѕџрѕЇ рЅарЅБрѕЋрѕГ рІ│рѕГ ріерЅ░рѕЏ ріарѕхрЅ░рІ│рІ░рѕГ рІѕрѕерЅЦ рЅђрЅарѕї ріљрІІрѕф рІерѕєріЉрЅх рІѕрѕІрїЁ #ріарЅБрЅ▒ріЋ "" рѕЇрїЁрѕЁріЋ ріарѕЮрїБ "" рЅарѕџрѕЇ рѕџрІФрІЮрІФ 28 рЅђріЋ 2015 рІЊ.рѕЮ. рЅарїЇрІ│рїЁ рЅ░рІѕрѕхрІ░рІЇ рЅ░рѕ░рІЇрѕерІЇ ріерЅєрІЕ рЅаріІрѕІ рїЇріЋрЅдрЅх 16 рЅђріЋ 2015 рІЊ.рѕЮ. рЅ░рѕѕрЅђрІІрѕЇрЇАрЇА

#3

ріаріЋрІх рІерЅђрІхрѕъ рІе "" рѕХрѕЏрѕі┬а ріГрѕЇрѕЇ┬а рѕЇрІЕ┬а ріЃрІГрѕЇ "" ріарЅБрѕЇ рЅ│ріЁрѕБрѕЦ 6 рЅђріЋ 2015 рІЊ/рѕЮ ріерЅђріЉ 11рЇА00 ріерЅбрѕ« рЅ░рІ░рІЇрѕјрѕѕрЅх рѕѕрѕЦрѕФ рїЅрІ│рІГ рЅбрѕ« ріЦріЋрІ▓рѕўрїБ рЅ░рїарѕГрЅХ ріерѕёрІ░ рЅаріІрѕІ рЅарІЋрѕѕрЅ▒ ріерѕЮрѕйрЅ▒ 2рЇА00 рѕ░рІЊрЅх рїЁрѕЮрѕ« рѕхрѕЇріЕ рІерЅ░рІўрїІ рѕ▓рѕєріЋ ріерІџрІФ рЅђріЋ рїђрѕЮрѕ« рІерЅх ріЦріЊ рѕЮріЋ рѕЂріћрЅ│ рѕІрІГ ріЦріЋрІ│рѕѕ рѕѕрѕЏрІѕрЅЁ ріарѕЇрЅ░рЅ╗рѕѕрѕЮрЇАрЇА

#4

ріерідрѕ«рѕџрІФ ріГрѕЇрѕЇ рІерЅ░рѕѕрІФрІЕ рЅдрЅ│рІјрЅй рЅбрІФріЋрѕх #рѕ░рЅБрЅх рѕ░рІјрЅй рІеріарѕхрїѕрІхрІХ рѕўрѕ░рІѕрѕГ рІхрѕГрїірЅх рѕ░рѕѕрЅБ рѕўрѕєріЊрЅИрІЇ рѕѕрібрѕ░рѕўрі« ріарЅцрЅ▒рЅ│ рЅђрѕГрЅд ріГрЅхрЅхрѕЇ ріЦрІерЅ░рІ░рѕерїѕрЅБрЅИрІЇ ріљрІЇрЇб 

ріеріЦріљрІџрѕЁ рѕўріФріерѕЇ рЅарѕЮрІЋрѕФрЅЦ рІѕрѕѕрїІ рІъріЋ рїјрЅА рѕ░рІ« рІѕрѕерІ│ ріљрІІрѕф рІерѕєріљ ріаріЋрІх рѕ░рІЇ рІГрїѕріЮрЅарЅ│рѕЇрЇАрЇА

рІГрѕЁ рїЇрѕѕрѕ░рЅЦ рїЇріЋрЅдрЅх 24 рЅђріЋ 2014 рІЊ.рѕЮ. рЅарІѕрѕерІ│рІЇ рЇќрѕірѕх ріерѕїрѕјрЅй рѕдрѕхрЅх рїЊрІ░ріърЅ╣ рїІрѕГ рЅ░рІГрІъ рЇќрѕірѕх рїБрЅбрІФ ріерїѕрЅБ рЅаріІрѕІ рѕ░ріћ 9 рЅђріЋ 2014 рІЊ.рѕЮ. ріерѕїрѕјрЅ╣ рЅ│рѕ│рѕфрІјрЅй рЅ░рѕѕрІГрЅХ ріљрЅђрѕЮрЅх ріерЅ░рѕЏ рІерѕџрїѕріЮ рЇќрѕірѕх рїБрЅбрІФ рѕўрІўрІІрІѕрѕЕ рѕѕрЅцрЅ░рѕ░рЅЦ рІерЅ░ріљрїѕрѕе рЅбрѕєріЋрѕЮ ріерІџрІФ рЅђріЋ рїђрѕЮрѕ« рІФрѕѕрЅарЅхріЋ рЅдрЅ│ ріЦріЊ рѕЂріћрЅ│ рѕЏрІѕрЅЁ ріарѕЇрЅ░рЅ╗рѕѕрѕЮрЇАрЇА

рЅарЅ░рѕўрѕ│рѕ│рІГ рІерідрѕ«рѕъ рЇїрІ┤рѕФрѕірѕхрЅх рі«ріЋрїЇрѕерѕх (рідрЇїрі«) рѕЏрІЋріерѕІрІі рі«рѕџрЅ┤ ріарЅБрѕЇріЊ рІерѕЮрѕЦрѕФрЅЁ рІѕрѕѕрїІ рІъріЋ рІерідрЇїрі« ріарѕхрЅ░рЅБрЅБрѕф рІерѕєріљ рѕїрѕІ рѕ░рІЇ рїЦрЅЁрѕЮрЅх 8 рЅђріЋ 2015 рІЊ.рѕЮ. ріерЅђріЉ 10рЇА00 рѕ░рІЊрЅх ріаріФрЅБрЅб рѕІрІГ ріерѕџрѕарѕФрЅарЅх рѕўрѕЦрѕфрІФ рЅцрЅх рЅарѕўріЋрїЇрѕЦрЅх #рІерІ░ріЁріЋріљрЅх_ріЃрІГрѕјрЅй рЅ░рІГрІъ ріљрЅђрѕЮрЅх ріерЅ░рѕЏ рЅарѕџрїѕріўрІЇ рІерїИрїЦрЅ│ рЅбрѕ« рІЇрѕхрїЦ рЅ│рѕхрѕ« ріерЇЇрЅ░ріЏ рІхрЅЦрІ░рЅБ рІ░рѕГрѕХрЅарЅх ріЦріЋрІ░ріљрЅарѕеріЊ ріЦрїЂ рЅарѕ░ріЋрѕ░рѕѕрЅх рЅарѕўрЅ│рѕ░рѕЕ рѕЮріГріЋрІФрЅх ріерЅцрЅ░рѕ░рЅЦ рІерѕџрѕёрІхрѕѕрЅхріЋ рѕЮрїЇрЅЦ рЅ░рЅђрЅЦрѕј рѕўрѕўрїѕрЅЦ рѕ▓рІФрЅЁрЅ░рІЇ рѕ░рІјрЅй рІерЅ░рѕўрѕѕріерЅ▒рЅх рѕўрѕєріЉріЋ рѕѕрѕЏрІѕрЅЁ рЅ░рЅйрѕЈрѕЇрЇб 

рїЇрѕѕрѕ░рЅА ріерїЦрЅЁрѕЮрЅх 13 рЅђріЋ 2015 рІЊ.рѕЮ. рїђрѕЮрѕ« рѕірїѕріЮ ріарѕЇрЅ╗рѕѕрѕЮрЇб 

рЅАрѕФрІЕ рЅарЅ░рѕѕрѕЮрІХ "" ріарѕИрІІ рѕюрІ│ "" рЅ░рЅЦрѕј ріерѕџрїарѕФрІЇ ріаріФрЅБрЅб ріерѕџрїѕріўрІЇ рѕўріќрѕфрІФ рЅцрЅ▒ рЅарідрѕ«рѕџрІФ рѕЇрІЕ ріЃрІГрѕЇ рЇќрѕірѕХрЅй рЅ░рІГрІъ рЅарЅАрѕФрІЕ рІѕрѕерІ│ 3 рЇќрѕірѕх рїБрЅбрІФ рЅарЅЂрїЦрїЦрѕГ рѕхрѕГ рІЇрѕј рІерЅєрІе ріаріЋрІх рѕ░рІЇ ріерѕЂрѕѕрЅх рІѕрѕФрЅх рІерЇќрѕірѕх рїБрЅбрІФ рЅєрІГрЅ│ рЅаріІрѕІ ріаріЋрІх рЅђріЋ ріерѕЮрѕйрЅ▒ 4рЇА00 рѕ░рІЊрЅх ріаріФрЅБрЅб (рЅђріљ рЅарЅхріГріГрѕЇ ріарѕЇрЅ│рІѕрЅђрѕЮ) ріерѕїрѕјрЅй ріЦрѕхрѕеріърЅй рЅ░рѕѕрІГрЅХ рѕўрІѕрѕ░рІ▒ рІерЅ│рІѕрЅђ рЅбрѕєріЋрѕЮ рЇБ ріерІџрІФріЋ рЅђріЋ рїђрѕЮрѕ« рІФрѕѕрЅарЅхріЋ рЅдрЅ│ ріЦріЊ рѕЂріћрЅ│ рѕЏрІѕрЅЁ ріарѕЇрЅ░рЅ╗рѕѕрѕЮрЇАрЇА

рѕџрІФрІџрІФ 19 рЅђріЋ 2015 рІЊ.рѕЮ. ріерѕЮрѕйрЅ▒ 2рЇА00 рѕ░рІЊрЅх рѕІрІГ рЅЂрїЦрѕФрЅИрІЇ ріерѕЃрІФ рІФрѕІріљрѕ▒ рІерѕђрїѕрѕГ рѕўріерѕІріерІФ рѕарѕФрІірЅх ріарЅБрѕІрЅх рЅарѕ░рѕюріЋ рѕИрІІ рІъріЋ рЇБ рѕ▒рѕЅрѕЇрЅ│ рІѕрѕерІ│ рЇБ рѕѕрїѕрїд рЅђрЅарѕї рїѕрЅарѕг рѕЏріЁрЅарѕГ рЇБ рѕЇрІЕ рѕхрѕЎ "" рѕерЅАрІЋ рїѕрЅарІФ "" рЇБ 04 рЅђрЅарѕї рЅ░рЅЦрѕј ріерѕџрїарѕФрІЇ рЅдрЅ│ рЅарѕўрѕЮрїБрЅх ріаріЋрІх рѕ░рІЇ рІГрІўрІЇ рІерѕёрІ▒ рѕ▓рѕєріЋрЇц рЅарѕЏрїЇрѕхрЅ▒ рЅцрЅ░рѕ░рЅдрЅ╣ рЅ│рѕ│рѕфрІЇріЋ рѕѕрѕўрЇѕрѕѕрїЇ рІѕрЅ│рІ░рѕ«рЅ╣ рІГріќрѕЕрЅарЅх рІѕрІ░ріљрЅарѕерІЇ рІ░рѕГрЅБ рЅХріњрЇБ ріарЅарЅБ рѕЇрѕЏрЅх ріФрѕЮрЇЋ рЅбрѕёрІ▒рѕЮ рІѕрЅ│рІ░рѕ«рЅ╣ рІерЅ░рІФрІўрІЇ рїЇрѕѕрѕ░рЅЦ рІФрЅарЅхріЋ рѕЂріћрЅ│ рѕірІФрѕ│рІЇрЅЂ рЇЇрЅЃрІ░ріЏ ріарѕѕрѕўрѕєріЊрЅИрІЇріЋрЇц рІГрѕЇрЅЂріЋрѕЮ рѕѕрѕўрїарІерЅЁ рІерѕёрІ▒ рѕ░рІјрЅй ріЦрѕхрѕГ ріЦріЊ рѕЏрѕхрЇѕрѕФрѕГрІФ рІерІ░рѕерѕ░рЅБрЅИрІЇ рѕўрѕєріЉріЋ рїѕрѕЇрїИрІІрѕЇрЇб рІерЅ░рІФрІўрІЇ рїЇрѕѕрѕ░рЅЦрѕЮ ріЦрѕхріе ріарѕЂріЋ рІхрѕерѕх рІФрѕѕрЅарЅх рѕЂріћрЅ│ ріЦріЊ рЅдрЅ│ рѕЏрІѕрЅЁ ріарѕЇрЅ░рЅ╗рѕѕрѕЮрЇАрЇА

(рѕЎрѕЅ рѕўрїЇрѕѕрїФрІЇ рЅарІџрІГ ­ЪЉЅ https://t.me/tikvahethiopia/78928?single рЅ░рІФрІГрІЪрѕЇ)

@tikvahethiopia",2023-06-05 10:45:57+00:00
5,"#рїІрІюрїБрІі_рѕўрїЇрѕѕрїФ : "" рЅарібрЅхрІ«рїхрІФ ріЦрІерїерѕўрѕе рІерѕўрїБрІЇ рѕ░рІјрЅйріЋ ріарѕхрїѕрІхрІХ рІерѕўрѕ░рІѕрѕГ (Enforced Disappearance) рІхрѕГрїірЅх рЅаріарЇІрїБріЮ рѕірЅєрѕЮ рІГрїѕрЅБрѕЇ "" - рІерібрЅхрІ«рїхрІФ рѕ░рЅЦрІЊрІі рѕўрЅЦрЅХрЅй рі«рѕџрѕйріЋ

@tikvahethiopia",2023-06-05 10:43:40+00:00
6,,2023-06-05 10:43:40+00:00
7,,2023-06-05 10:43:40+00:00
8,,2023-06-05 10:43:40+00:00
9,"#рѕўрЅљрѕѕ

ріарѕЮрЅБрѕ│рІ░рѕГ рѕЏрІГріГ рѕђрѕўрѕГ рЅхрїЇрѕФрІГ ріГрѕЇрѕЇрЇБ рѕўрЅљрѕѕ рІГрїѕріЏрѕЅрЇб

рЅаріарЇЇрѕфріФ рЅђріЋрІх рІеріарѕюрѕфріФ рѕЇрІЕ рѕўрѕЇрІЋріГрЅ░ріЏ ріарѕЮрЅБрѕ│рІ░рѕГ рѕЏрІГріГ рѕђрѕўрѕГ ріерЅхрїЇрѕФрІГ рїірІюрІФрІі ріарѕхрЅ░рІ│рІ░рѕГ ріерЇЇрЅ░ріЏ ріарѕўрѕФрѕ«рЅй рїІрѕГ рѕѕрѕўріљрїІрїѕрѕГ рІЏрѕг рѕўрЅљрѕѕ рїѕрЅЦрЅ░рІІрѕЇрЇб 

ріарѕЮрЅБрѕ│рІ░рѕГ рѕЏрІГріГ рѕђрѕўрѕГ рѕўрЅљрѕѕ ріарѕЅрѕІ ріарЅБріљрїІ ріарІЇрѕ«рЇЋрѕІріЋ рѕЏрѕерЇірІФ рѕ▓рІ░рѕерѕ▒ рЅарЅхрїЇрѕФрІГ рїірІюрІі ріарѕхрЅ░рІ│рІ░рѕГ рЇЋрѕгрІЮрІ│ріЋрЅх ріарЅХ рїїрЅ│рЅИрІЇ рѕерІ│ріЊ рЅаріарѕхрЅ░рІ│рІ░рѕЕ рІеріФрЅбріћ ріарЅБрѕІрЅх ріарЅђрЅБрЅарѕЇ рЅ░рІ░рѕГрїјрѕІрЅИрІІрѕЇрЇб

рЅарЅхрїЇрѕФрІГ рЅєрІГрЅ│рЅИрІЇрѕЮ рЅарЇЋрѕфрЅХрѕфрІФ рѕхрѕЮрѕЮріљрЅх ріарЇѕрЇЃрЇђрѕЮрЇБрЅарѕйрїЇрїЇрѕГ рЇЇрЅхрѕЋріЊ рЅ░рїарІФрЅѓріљрЅх ріЦріЋрІ▓рѕЂрѕЮ рѕїрѕјрЅй рІѕрЅЁрЅ│рІі рїЅрІ│рІ«рЅй рѕІрІГ рІГрѕўріГрѕФрѕЅ рЅ░рЅЦрѕј рІГрїарЅарЅЃрѕЇрЇб 

ріеріГрѕЇрѕЅ рЅ┤рѕїрЅфрІЦріЋ рЅарЅ░рїѕріўрІЇ рѕўрѕерїЃ рЇц  ріарѕЮрЅБрѕ│рІ░рѕГ рѕЏрІГріГ рѕђрѕўрѕГ ріЦріЊ рЅарібрЅхрІ«рїхрІФ рІеріарѕюрѕфріФ ріарѕЮрЅБрѕ│рІ░рѕГ рЅхрѕгрѕ▓ ріаріЋ рїЃрі«рЅЦрѕ░ріЋ ріерїірІюрІФрІі ріарѕхрЅ░рІ│рІ░рѕГ рЇЋрѕгрІЮрІ│ріЋрЅх рїїрЅ│рЅИрІЇ рѕерІ│ рїІрѕГ РђІРђІрЅ░рІѕрІФрІГрЅ░рІІрѕЇрЇб

@tikvahethiopia",2023-06-05 10:03:37+00:00
10,,2023-06-05 10:03:37+00:00
11,,2023-06-05 10:03:37+00:00
12,"#ріљрІ│рїЁ

рѕ│рІЉрІ▓ ріарѕерЅбрІФ ріеріљрІ│рїЁ рѕЮрѕГрЅи рЅарЅђріЋ 1 рѕџрѕірІ«ріЋ рЅарѕГрѕюрѕЇ ріЦрЅђріЋрѕ│рѕѕрѕЂ рѕЏрѕѕрЅиріЋ рЅ░ріерЅхрѕј рІеріљрІ│рїЁ рІІрїІ рѕўрїерѕўрѕЕ рЅ░ріљрїѕрѕерЇб

рѕїрѕјрЅй рІерІЊрѕѕрѕЏрЅйріЋ ріљрІ│рїЃ ріарѕЮрѕФрЅй ріарїѕрѕФрЅхрѕЮ рЅарЅ░рѕўрѕ│рѕ│рІГ рІеріљрІ│рїЁріЋ рІІрїІріЋ рѕѕрѕЏрѕерїІрїІрЅх рЅарѕЏрѕ░рЅЦ рІерѕЮрѕГрЅх ріарЅЁрѕГрЅдрЅ│рЅИрІЇріЋ рѕѕрѕўрЅђріљрѕх рЅ░рѕхрѕЏрѕЮрЅ░рІІрѕЇ рЅ░рЅЦрѕЈрѕЇрЇб

рѕ│рІЉрІ▓ ріарѕерЅбрІФ рЅарЅђрїБрІЕ рѕђрѕЮрѕї рІѕрѕГ рЅарІерЅђріЉ 1 рѕџрѕірІ«ріЋ рЅарѕГрѕюрѕЇ ріљрІ│рїЁ ріерѕЮрѕГрЅх ріарЅЁрѕГрЅдрЅи рѕІрІГ ріЦріЋрІ░рѕЮрЅхрЅђріљрѕх рІерїѕрѕѕрїИрЅй рѕ▓рѕєріЋ рІеріљрІ│рїЁ рѕІріфрІјрЅй рѕђрїѕрѕФрЅх рѕЏрѕЁрЅарѕГ рІѕрІГрѕЮ рідрЇћріГ+ ріЦріЋрІ░ ріарІЇрѕ«рЇЊрІЇрІФріЉ рЅа2024 рІЋрѕѕрЅ│рІі рІеріљрІ│рїЁ ріарЅЁрѕГрЅдрЅх рЅа1.4 рѕџрѕірІ«ріЋ рЅарѕГрѕюрѕЇ ріЦріЋрІ░рѕџрЅђріЋрѕх рїѕрѕЇрї┐рѕЇрЇб

рідрЇћріГ+ рІерІЊрѕѕрѕЮріЋ 40 рЅарѕўрЅХ рІеріљрІ│рїЁ рЇЇрѕІрїјрЅх рІерѕџрІФрѕЪрѕІ рѕ▓рѕєріЋ рІЇрѕ│ріћрІЇ рЅарІЊрѕѕрѕЮ рІеріљрІ│рїЁ рѕЮрѕГрЅх рІІрїІ рѕІрІГ ріерЇЇрЅ░ріЏ рЅ░рїйріЦріќ рѕірІФрѕ│рІхрѕГ рІГрЅйрѕІрѕЇрЇб

рІерѕ│рІЉрІ▓ріЋ рІЇрѕ│ріћ рЅ░ріерЅхрѕј рЅаріЦрѕхрІФ рїѕрЅарІФ рІерІ░рЇЇрІхрЇЇ ріљрІ│рїЁ рІІрїІ рЅа 2.4 рЅарѕўрЅХ ріарѕ╗рЅЁрЅд рЅарЅарѕГрѕюрѕЇ 77 рІХрѕІрѕГ рѕєріЌрѕЇрЇб

рІерѕ│рІЉрІ▓ рібріљрѕГрїѓ рѕџріЋрѕхрЅхрѕГ рѕЇрІЉрѕЇ ріарЅЦрІ▒рѕІрІџрІЮ рЅбріЋ рѕ░рѕЇрѕЏріЋ рЇц рІеріљрІ│рїЁ рѕЮрѕГрЅх ріарЅЁрЅдрЅ▒ріЋ рІерѕўрЅђріљрѕ▒ рІЇрѕ│ріћ ріарѕхрЇѕрѕІрїі ріерѕєріљ ріерѕЃрѕЮрѕїрѕЮ рЅаріЃрѕІ #рѕірѕФрІўрѕЮ рІГрЅйрѕІрѕЇ рЅЦрѕѕрІІрѕЇрЇб рІЇрѕ│ріћрІЇ рІерІЊрѕѕрѕЮ рІеріљрІ│рїЁ рІІрїІріЋ ріЦріЋрІ░рѕџрІФрѕерїІрїІ рїѕрѕЇрїИрІІрѕЇрЇб

#рЅбрЅбрѕ▓

@tikvahethiopia",2023-06-05 08:28:54+00:00
13,,2023-06-05 08:28:54+00:00
14,"рЅарІѕріЋрїђрѕЇ рІхрѕГрїірЅх рІерЅ░рѕЏрѕерѕЕрЅх ріљрІІрѕфрІјрЅй┬а . . .

рЅарїІрѕЮрЅцрѕІ ріерЅ░рѕЏ рІерѕџрЇѕрЇђрѕЎ рІѕріЋрїђрѕјрЅй рѕўрЇЇрЅхрѕё рІФрїѕріЎ рІўріЋрІх рЅарїІрѕЮрЅцрѕІ рІерЅ▓ріГрЅФрѕЁ рЅцрЅ░рѕ░рЅЦ ріарЅБрѕІрЅх рїарІерЅЂрЇб

ріаріЋрІх ріљрІІрѕфріљрЅ▒ рЅарїІрѕЮрЅцрѕІ ріерЅ░рѕЏ рІерѕєріљ рІерЅ▓ріГрЅФрѕЁ рЅцрЅ░рѕ░рЅЦ ріарЅБрѕЇ рЇц рЅаріерЅ░рѕЏрІЇ рѕЏрЅ│ ріЦріЋрІ▓рѕЂрѕЮ рЅарЅђріЋ рѕ│рІГрЅђрѕГ рІўрѕерЇІріЊ рѕїрѕјрЅй рІерІѕріЋрїђрѕЇ рІхрѕГрїірЅХрЅй рѕўрЅарѕФріерЅ▒ріЋ рїѕрѕЇрїИрІЇ рІерїІрѕЮрЅцрѕІ ріГрѕЇрѕЇ рѕўріЋрїЇрѕхрЅх рѕЇрІЕ рЅхріЕрѕерЅх ріЦріЋрІ▓рѕ░рїарІЇ рїарІГрЅђрІІрѕЇрЇб

"" рЅђріЋ рѕІрІГ ріЦріЋрі│ ріерІІріЊрІЇ ріарѕхрЇЊрѕЇрЅх рЅарЅђрѕГ ріарЅЦрІЏріърЅ╣ рЅдрЅ│рІјрЅй рѕІрІГ рѕ░рІЇ рЅЦрЅ╗рІЇріЋ рѕѕрѕўрѕёрІх ріЦрѕхріерѕџрѕ░рїІ рІхрѕерѕх ріљрІЇ рІѕріЋрїђрѕЇ рІерЅ░рЅарѕФріерЅ░рІЇ ""┬а рѕ▓рѕЅ рѕЂріћрЅ│рІЇріЋ ріарѕхрѕерІхрЅ░рІІрѕЇрЇб

рѕїрѕІ рІерїІрѕЮрЅцрѕІ рЅ▓ріГрЅФрѕЁ ріарЅБрѕЇ рЇц рЅаріерЅ░рѕЏрІЇ рІерІѕріЋрїђрѕЇ рІхрѕГрїірЅх ріЦрїЁрїЇ рѕўрѕхрЇІрЇІрЅ▒ріЋ рЅарѕўрїЇрѕѕрЇЁ ріЦріЋрІ░ ріерІџрѕЁ рЅђрІ░рѕЎ рЅаріљрЇЃріљрЅх рІѕрїЦрЅХ рѕѕрѕўріЋрЅђрѕ│рЅђрѕх ріарѕхрЅИрїІрѕф рѕєріЌрѕЇ рѕ▓рѕЇ рїѕрѕЇрї┐рѕЇрЇб рЅарѕўрѕєріЉрѕЮ рѕѕрїЅрІ│рІЕ рЅхріЕрѕерЅх рЅарѕўрѕхрїарЅх рІеріерЅ░рѕЏрІЇ рІ░рѕЁріЋріљрЅх ріЦріЋрІ▓рїарЅарЅЁ рѕЏрІхрѕерїЇ рІГрїѕрЅБрѕЇ рѕ▓рѕЇ ріарѕхрїѕріЋрІЮрЅДрѕЇрЇб

рѕїрѕјрЅйрѕЮ рІерЅцрЅ░рѕ░рЅдрЅ╗рЅйріЋ ріарЅБрѕІрЅх рЅаріерЅ░рѕЏ рІЮрѕГрЇірІФрЇБ ріЋрїЦрЅѓрІФ ріЦріЊ рѕїрѕјрЅйрѕЮ рІѕріЋрїђрѕјрЅй рѕўрѕхрЇІрЇІрЅ│рЅИрІЇріЋ рЅарѕўрїарЅєрѕЮ ріарѕхрЅИрі│рІГ ріЦріЊ ріарѕхрЅ░рѕЏрѕЏріЮ рѕўрЇЇрЅхрѕё ріЦріЋрІ▓рЅарїЁ рїЦрѕф ріарЅЁрѕГрЅарІІрѕЇрЇб

ріерїЦрЅѓрЅх рЅђріЊрЅх рЅарЇірЅх рІерїІрѕЮрЅцрѕІ рЇќрѕірѕх рЇц рЅарїІрѕЮрЅцрѕІ ріерЅ░рѕЏ рІеріЋрїЦрЅѓрІФріЊ рІЮрѕГрЇірІФ рІѕріЋрїђрѕјрЅй #рѕўрЅБрЅБрѕ▒ріЋріЊ рІГрѕЁрѕЮ рЅарѕЁрІЮрЅА рІўріЋрІх рЅЁрѕгрЅ│ ріЦрІФрѕхріљрѕ│ рѕўрѕєріЉріЋ рѕўрїЇрѕѕрЇЂ рІГрЅ│рІѕрѕ│рѕЇрЇб

рЅарЅ░рѕѕрІГ рЅарЅ░рѕйріерѕГріФрѕф рІерѕџрЇѕрЇђрѕЮ рѕхрѕГрЅєрЅхріЊ рІЮрѕГрЇірІФріЋ рѕѕрѕўріерѕІріерѕЇрѕЮ ріерѕЮрѕйрЅ▒ 3 рѕ░рІЊрЅх ріЦрѕхріе рїарІІрЅ▒ 12 рѕ░рІЊрЅх рІхрѕерѕх рЅБрѕѕрѕЂрѕѕрЅх ріЦрїЇрѕГ рЅ░рѕйріерѕГріФрѕф рѕърЅ░рѕГ рѕ│рІГріГрѕјрЅй рѕІрІГ ріЦрїѕрІ│ рїЦрѕЈрѕЇрЇб

ріЦріЋрІ░ рЇќрѕірѕх рѕўрѕерїЃ рЅаріерЅ░рѕЏрІІ ріЦрІерЅ░рѕхрЇІрЇІ рЅарѕўрїБрІЇ рІерІЮрѕГрЇірІФріЊ рѕўрѕ░рѕЇ рІѕріЋрїђрѕјрЅй рЅарІІріЊріљрЅх рЅ░рїарЅѓрІјрЅ╣ рѕ┤рЅХрЅйріЊ ріарЅЁрѕў рІ░ріФрѕърЅй ріЊрЅИрІЇрЇб

Via @tikvah_eth_BOT

@tikvahethiopia",2023-06-05 06:53:17+00:00
15,,2023-06-05 06:53:17+00:00
16,""" рІГрѕЁ рІхрѕГрїірЅх рѕўрЅ╝рѕЮ рІГрЇѕрЇђрѕЮ рѕўрЅ╝ рЅ░рїарІФрЅѓріљрЅх рѕірѕ░рЇЇріЋ рІГрїѕрЅБрѕЇ ""

ріерІџрѕЁ рЅђрІ░рѕЮ рЅарЅ░рѕѕрІФрІЕ рІерѕђрїѕрѕфрЅ▒ ріГрЇЇрѕјрЅй рЅарЅ│рїарЅЂріЊ рІерЇђрїЦрЅ│ ріЃрІГрѕјрЅйріЋ рѕЇрЅЦрѕх рЅарѕѕрЅарѕ▒ ріаріФрѕІрЅх ріЦрїЁрїЇ рІўрїЇріЊріЮ рІерїЇрЇЇ рїЇрІхрІФрІјрЅй рѕ▓рЇѕрЇђрѕЎ рЅарЅфрІхрІ« рЅ│рІГрЅирѕЇрЇб

ріерѕЮріЋрѕЮ ріљрїѕрѕГ рЅарѕІрІГ ріЦрїЁрїЇ рЅарїБрѕЮ ріарѕ│рІЏріЎ рЅ░рїЇрЅБрѕГ рІ░рїЇрѕъ рІерѕџрѕ░рѕЕрЅхріЋ рІўрїЇріЊріЮ рѕхрѕФ рѕЇріГ рЅарїј ріљрїѕрѕГ ріЦріЋрІ│рІ░рѕерїЅріЊ рѕўрѕЇріФрѕЮ ріЦріЋрІ░рѕ░рѕЕ рЅарЅфрІхрІ« рЅђрѕГрЇђрІЇ рѕЏрѕ░рѕФрїерЅ│рЅИрІЇ ріљрІЇрЇб 

рЅфрІхрІ«рІЇріЋ рѕџрЅђрѕГрЇЃрЅИрІЇ рѕїрѕІ рѕХрѕхрЅ░ріЏ рІѕрїѕріЋ рѕ│рІГрѕєріЋ рІ░рїЇрѕъ ріЦрѕФрѕ│рЅИрІЇ рїѕрІ│рІ«рЅ╣ ріЊрЅИрІЇрЇб

ріерІџрѕЁ рЅђрІ░рѕЮ рЅарЅфрІхрІ« рѕЁрІЮрЅЦ рІўріЋрІх рІ░рѕГрѕХ рЅарЅ│рІЕрЅх рЅЦрЅ╗ (рѕїрѕјрЅй рЅарЅфрІхрІ« рІФрѕЇрЅ│рІЕ рЅЦрІЎ рїЇрЇјрЅй рІГріќрѕЕ рІГрѕєріЊрѕЇ) ріЦрїЁрїЇ рЅарѕГріФрЅХрЅйріЋ рЅЂрїБ рІЇрѕхрїЦ рІеріерЅ░рЅ░ рѕ▓рѕєріЋ рІерІхрѕГрїірЅ▒ рЇѕрЇЃрѕџрІјрЅй рЅ░рїѕрЅбрІЇріЋ рЇЇрѕГрІх ріЦріЋрІ▓рІФрїѕріЎ рѕ▓рїарІерЅЁ ріљрЅарѕГрЇб

ріерѕ░рѕъріЉріЋ рІ░рїЇрѕъ ріерІџрѕЁ рЅђрІ░рѕЮ рІФрѕЇрЅ│рІе ріаріЋрІх ріЦрїЁрїЇ рЅарїБрѕЮ рІўрїЇріЊріЮ рЅфрІхрІ« рЅарѕЏрѕЁрЅарѕФрІі рѕџрІ▓рІФрІјрЅй рѕІрІГ ріЦрІерЅ░рІўрІІрІѕрѕе рІГрїѕріЏрѕЇрЇб

рЅфрІхрІ«рІЇ рЇц рѕІрІГ рЅарЅЂрїЦрѕГ ріарѕФрЅх (ріерЅфрІхрІ« рЅђрѕФрїЕ рІЇрїГ) рІерЇђрїЦрЅ│ ріЃрІГрѕјрЅйріЋ рѕЇрЅЦрѕх рІерѕѕрЅарѕ▒ рІерЅ│рїарЅЂ ріаріФрѕІрЅх рѕЂрѕѕрЅх рѕ░рІјрЅйріЋ рїФріФ рІЇрѕхрїЦ ріарѕхрїѕрЅЦрЅ░рІЇ ріЦрїЃрЅИрІЇріЋ рІеріЃрѕІ рІерЇірїЦріЮ ріарѕхрѕерІЇ рЅарїЦрІГрЅх рІ░рЅЦрІхрЅарІЇ рѕ▓рїѕрІхрѕЈрЅИрІЇ рІГрЅ│рІФрѕЇрЇб

рІѕрІ░ ріЃрІГрѕІ рІерЇірїЦріЮ рЅ│рѕхрѕерІЇ рІеріљрЅарѕЕрЅхріЋ рїЇрѕѕрѕ░рЅдрЅй рІерїѕрІ░рѕЅрЅх рЅарЅфрІхрІ«рІЇ ріЦріЋрІ░рЅ│рІерІЇ рѕЂрѕѕрЅ▒ рѕ▓рѕєріЉ ріаріЋрІх рІерѕгрІхрІ« рѕўрїѕріЊріЏ рЅаріЦрїЂ рІерІФрІў рѕ░рІЇ рІ░рїЇрѕъ "" рЅарѕѕрІЇ "" рЅЦрѕј рЅхрІЋрІЏрІЮ рѕ▓рѕ░рїЦ рІГрЅ│рІФрѕЇрЇб

рІхрѕГрїірЅ▒ / рЅфрІхрІ« рѕўрЅ╝ріЊ рІерЅх ? рЅдрЅ│ рѕІрІГ рІерЅ░рЇѕрЇђрѕў / рЅ░рЅђрѕерЇђ рѕѕрѕџрѕѕрІЇ рІерЅ░рѕЪрѕІ рѕўрѕерїЃ рѕѕрїірІюрІЇ рѕЏрїЇріўрЅх рЅБрІГрЅ╗рѕЇрѕЮ рЇц рібрЅхрІ«рїхрІФ рІЇрѕхрїЦ рІерЇђрїЦрЅ│ ріЃрІГрѕЇ рѕЇрЅЦрѕх рЅарѕѕрЅарѕ▒ ріЦріЊ рЅаріарїЇрЅБрЅА рЅарЅ░рѕЪрѕІ рѕЂріћрЅ│ рЅарЅ│рїарЅЂ ріаріФрѕІрЅх рѕхрѕѕрѕўрЇѕрЇђрѕЎ рІерѕџрІФрїарѕФрїЦрѕГ ріарІГрІ░рѕѕрѕЮрЇб

рІерЇђрїЦрЅ│ ріЃрІГрѕјрЅй рѕхрѕѕрЅ│рїарЅЂ рЅЦрЅ╗ рІГрѕЁріЋріЋ рїЇрЇІрІіріЊ ріерѕхрѕГрІЊрЅх рІЇрїГ рІерѕєріљ ріарѕерѕўріћрІФрІі ріЦрѕГрѕЮрїЃ рѕўрІЇрѕ░рІ│рЅИрІЇ рЅарѕГріФрЅХрЅйріЋ рІФрѕ│рІўріљ ріЦріЊ рІФрѕхрЅєрїБ рѕєріЌрѕЇрЇб

рІерѕџрѕўрѕѕріерЅ░рІЇ рІерѕўріЋрїЇрѕЦрЅх ріаріФрѕЇ рЇБ рІерѕ░рЅЦрІЊрІі рѕўрЅЦрЅх рЅ░рѕЪрїІрЅй рЅ░рЅІрѕЏрЅх рѕхрѕѕрїЅрІ│рІЕ рѕЏрЅЦрѕФрѕфрІФ рѕірѕ░рїАрЅарЅх рІГрїѕрЅБрѕЇрЇб

рІГрѕЁ рІхрѕГрїірЅх рѕўрЅ╝ ? рІерЅх ? рЅ░рЇѕрЇђрѕў рЇц рІерЅ░рїѕрІ░рѕЅрЅх рїЇрѕѕрѕ░рЅдрЅйрѕх ріЦріљрѕЏріЋ ріЊрЅИрІЇ ? рЇЇрЅхрѕЁ рЅ░рїѕріЮрЅирѕЇ рІѕрІГ ? рІерѕџрѕѕрІЇ рѕўрѕЇрѕх рІФрѕ╗рѕЇ рЇц рІхрѕГрїірЅ▒ рѕўрЅ╝рѕЮ рІГрЇѕрЇђрѕЮ рѕўрЅ╝ рїЇріЋ рЅ░рїарІФрЅѓріљрЅх рѕірѕ░рЇЇріЋрЇц рІерѕЏрѕхрЅ░рѕЏрѕфрІФ ріЦрѕГрѕЮрїЃ рѕірІѕрѕ░рІх рІерїЇрІх рІГрѕІрѕЇрЇб

@tikvahethiopia",2023-06-05 06:40:18+00:00
17,,2023-06-05 06:40:18+00:00
18,,2023-06-05 06:40:18+00:00
19,,2023-06-05 06:40:18+00:00
20,""" рЅЦрѕЕрѕЁ рібрЅхрІ«рїхрІФ ""

рІерѕЦрѕФріЊ ріГрѕЁрѕјрЅх рѕџріњрѕхрЅ┤рѕГ рЇц "" рѕЏрѕ░рѕЇрїаріЋ рЇБ рѕўрѕИрѕѕрѕЮ рЇБ рѕЏрЅЦрЅЃрЅх "" рЅарѕџрѕЇ рѕўрѕГрѕЁ рІерѕџрІФріФрѕёрІ░рІЇ ріЦріЊ рЅарѕЂрѕЅрѕЮ ріГрѕЇрѕјрЅй ріерІѕрѕерІ│ рїђрѕЮрѕ« рѕ▓ріФрѕёрІх рІерЅєрІерІЇ "" рЅЦрѕЕрѕЁ рѕђрїѕрѕГ ріарЅђрЇЇ рІеріЋрїЇрІх рѕЦрѕФ рЇѕрїарѕФ рѕЃрѕ│рЅЦ рІЇрІхрІхрѕГ "" ріе200 рІеріГрѕЇрѕЇ рЅ░рІѕрІ│рІ│рѕфрІјрЅй ріЦрѕИріЊрЇірІјрЅ╣ріЋ рІерѕџрѕѕрІГрЅарЅх рѕўрѕГрѕљ рїЇрЅЦрѕГ ріЦрІерЅ░рІўрїІрїђ рІГрїѕріЏрѕЇрЇб

рІерѕЦрѕФ рІЋрІхрѕЇ рІерѕџрЇѕрїЦрѕЕ ріЦріЋрІ▓рѕЂрѕЮ рѕѕрѕїрѕјрЅй рЅ░рѕЮрѕ│рѕїрЅх рІерѕџрѕєріЉ рІѕрїБрЅХрЅйріЋ рІерѕўрЇЇрїарѕГ рЅ░рѕЇрІЋрі«ріЋ ріаріЋрїЇрЅд рЅа2013 рІЊ.рѕЮ рІерЅ░рїђрѕўрѕерІЇ рІерЇѕрїарѕФ рѕЦрѕФ рІЇрІхрІхрѕГ рЅарІџрѕЁ рІЊрѕўрЅх рЅарѕђрїѕрѕГ ріарЅђрЇЇ рІ░рѕерїЃ ріЦрІерЅ░ріеріЊрІѕріљ рІГрїѕріЏрѕЇрЇб

рЅарІџрѕЁ рІЊрѕўрЅх ріерІеріГрѕЇрѕЅ рІерЅ░рѕўрІўрїѕрЅАрЅх 1016 рІерЇѕрїарѕФ рѕЃрѕ│рЅдрЅй рѕ▓рѕєріЉ ріерІЕріњрЅерѕГрѕ▓рЅ▓рІјрЅй 127 ріЊрЅИрІЇ рЅ░рЅЦрѕЈрѕЇрЇб

рѕѕрІЇрІхрІхрѕЕ рІерѕўрѕўрѕЇрѕўрІФ рѕўрѕхрЇѕрѕГрЅхріЊ рЇјрѕГрѕЏрЅХрЅйріЋ рЅарѕЏрІўрїІрїђрЅх рѕѕ1240 рІѕрѕерІ│рІјрЅйрЇБ рѕѕ98 рІъріќрЅй рѕѕрЇќрѕірЅ┤ріГріњріГ рі«рѕїрїєрЅй ріЦріЊ рІЕріњрЅерѕГрѕ▓рЅ▓рІјрЅй рЅарІеріГрѕЇрѕјрЅ╣ ріарѕЏріФрІГріљрЅх ріЦріЋрІ▓рѕ░рѕФрїГ рІерЅ░рІ░рѕерїѕ рѕ▓рѕєріЋ рІЇрІхрІхрѕЕ рІГрЇІ ріерЅ░рІ░рѕерїѕрЅарЅх ріЦрѕхріе рѕџрІФрІџрІФ 15 рЅђріЋ 2015 рІЊ.рѕЮ рІхрѕерѕх ріерЅ░рѕЏ ріарѕхрЅ░рІ│рІ░рѕ«рЅй ріЦріЊ ріГрѕЇрѕјрЅй ріерІѕрѕерІ│ рїђрѕЮрѕерІЇ ріарІѕрІ│рІхрѕерІЇ рІерЅ░рѕ╗рѕѕ рІерЇѕрїарѕФ рѕЃрѕ│рЅЦ рІФрѕІрЅИрІЇріЋ рЅарѕЏрЅарѕерЅ│рЅ│рЅх рЅарЇїрІ░рѕФрѕЇ рІ░рѕерїЃ рѕѕрѕџріФрѕёрІ░рІЇ рІЇрІхрІхрѕГ рІЮрїЇрїЂ ріЦріЋрІ│рІ░рѕерїЅ рЅ░рїѕрѕЇрї┐рѕЇрЇб

ріерІеріГрѕЇрѕЅ рІФрѕѕрЇЅрЅх 200 рЅ░рІѕрІ│рІ│рѕфрІјрЅй ріерІЏрѕг рїЇріЋрЅдрЅх 28/2015 рІЊ.рѕЮ рїђрѕЮрѕ« рІѕрІ░ рЅ░рІўрїІрїђрѕІрЅИрІЇ рЅАрѕФрІЕ рЅ░рѕ░рїЦрІќ рѕЏрЅарѕЇрЇђрїірІФ рЅхрѕЮрѕЁрѕГрЅх рЅцрЅх рІерѕЏрѕ░рѕЇрїаріЏ ріФрѕЮрЇЋ ( Boot camp) рІерѕџрїѕрЅА рІГрѕєріЊрѕЇ рЅ░рЅЦрѕЈрѕЇрЇб

рЅарЅєрІГрЅ│рЅИрІЇ рібріЋрЅ░рѕГрЇЋрѕГріљрѕГрѕ║рЇЋрЇБ рѕЃрѕ│рЅЦріЋ рІѕрІ░рЅ░рїЇрЅБрѕГ рѕўрЅђрІерѕГ ріЦріЊ рІеріЋрїЇрІх ріарѕўрѕ░рѕФрѕерЅхріЋ рЅарЅ░рѕўрѕѕріерЅ░ рѕхрѕЇрїаріЊ рІГрѕ░рїБрЅИрІІрѕЇрЇб

ріФрѕЮрЇЋ ріерїѕрЅАрЅх рЅ░рІѕрІ│рІ│рѕфрІјрЅй рѕўріФріерѕЇ рЅарІерІ░рѕерїЃрІЇ рЅ░рІѕрІ│рІхрѕерІЇ ріарѕИріЊрЇі рІерѕџрѕєріЉрЅхріЋ 50 рѕЮрѕГрїЦ рѕђрѕ│рЅдрЅй рЅарЇїрІ┤рѕФрѕЇ рІ░рѕерїЃ рЅарѕўрѕИрѕѕрѕЮ рЅЦрѕЕрѕЁ рібрЅхрІ«рїхрІФ 2015 рІЇрІхрІхрѕГ рІерѕџрїаріЊрЅђрЅЁ рІГрѕєріЊрѕЇрЇб 

ріЦрѕхріФрѕЂріЋ рЅарЅ░ріФрѕёрІ▒ 7 рѕђрїѕрѕГ ріарЅђрЇЇ ріЦріЊ ріГрѕЇрѕІрІі рІЇрІхрІхрѕ«рЅй рЅаріарїарЅЃрѕІрІГ 2,412 ріарѕўрѕЇріФрЅЙрЅй рІерЅ░рѕ│рЅ░рЇЅ рѕ▓рѕєріЋ рѕѕ400 рѕЃрѕ│рЅЦ рЅБрѕѕрЅцрЅХрЅй рІѕрІГрѕЮ 552 рІѕрїБрЅХрЅй (343 рІѕрЇц 129 рѕ┤) рІерЅАрЅхріФрѕЮрЇЋ рѕхрѕЇрїаріЊ рЅ░рѕ░рїЦрЅирѕЇрЇАрЇАрЅаріарїарЅЃрѕІрІГ рѕѕ 167 рѕЮрѕГрїЦ рѕЃрѕ│рЅдрЅй рІе 1,518,00 рІХрѕІрѕГ рІерїѕріЋрІўрЅЦ рѕйрѕЇрѕЏрЅх рЅ░рЅарѕГріГрЅирѕЇрЇАрЇА

"" рЅЦрѕЕрѕЁ рІерѕЦрѕФ рІЋрІхрѕЇ рЇѕрїарѕФ ріЃрѕ│рЅдрЅй рІЇрІхрІхрѕГ "" рЇЋрѕ«рїЇрѕФрѕЮ рЅарібрЅхрІ«рїхрІФ рЅарѕЦрѕФ рІЋрІхрѕЇ рЇѕрїарѕФ рІўрѕГрЇЇ ріЦріЊ рЅарѕЏрѕЁрЅарѕерѕ░рЅА рІЇрѕхрїЦ рІерѕџрЅ│рІЕ рЅЂрѕЇрЇЇ рЅйрїЇрѕ«рЅйріЋ рѕѕрѕўрЇЇрЅ│рЅхріЊ рІерѕЦрѕФ рІЋрІхрѕјрЅйріЋ рѕѕрѕўрЇЇрїарѕГ рІерѕџрЅйрѕЅ ріарІ│рІ▓рѕх рѕђрѕ│рЅдрЅй рІГрІўрІЇ рІерѕџрѕўрїА рІѕрїБрЅХрЅйріЋ рѕѕрѕЏрЅарѕерЅ│рЅ│рЅх рІерЅ░рІўрїІрїђ рІерІЇрІхрІхрѕГ рѕўрѕГрѕљ рїЇрЅЦрѕГ ріљрІЇрЇб

@tikvahethiopia",2023-06-05 06:39:27+00:00
21,,2023-06-05 06:39:26+00:00
22,"#4freemarket

#ріарѕхрЇѕрѕІрїі_рѕЮрѕГрЅХрЅй┬арЇц рЅарЅ░рѕўрїБрїБріЮ_рІІрїІ

рѕѕрЅ░рїерѕЏрѕф рѕЏрЅЦрѕФрѕфрІФ рІерЅ┤рѕїрїЇрѕФрѕЮ рїѕрЇЃрЅйріЋ : https://t.me/forfreemarket

ріаріљрѕхрЅ░ріЏ рІерѕЇрЅЦрѕх ріЦріЊ рїФрѕЏ рѕЏрїарЅбрІФ 
­ЪЉЅ рѕѕрїФрѕЏ рѕѕрѕЇрЅЦрѕх рЅдрЅ│ рІерѕЏрІГрІЮ
­ЪЉЅ рѕѕрЇЊріЋрЅхрЇБ рЅдріГрѕ░рѕГ ріЦріЊ ріФрѕЇрѕ▓ 
­ЪЉЅ рѕѕрЅ▓рѕИрѕГрЅх
┬а­ЪЉЅрѕѕрІ│рІГрЇљрѕГ

ріарІхрѕФрѕ╗ рЇд рЇњрІФрѕ│ рїБрІГрЅ▒ рѕєрЅ┤рѕЇ рїірЅб рІЇрѕхрїЦ
рѕхрѕЇріГрЇд 0911255787рЇБ  0983360606
рїЦрѕФрЅх рѕўрѕѕрІФрЅйріЋ ріљрІЇ!",2023-06-05 06:39:14+00:00
23,"рїІрѕЮрЅцрѕІ . . . рідрѕ«рѕџрІФ

"" рЅаріаріФрЅБрЅбрІЇ #рѕ░рѕІрѕЮ ріарѕхрЇЇріЏрѕѕрѕЂ "" - рІерѕђрїѕрѕГ рѕўріерѕІріерІФ рѕ░рѕФрІірЅх

рІГрѕЁ ріерїІрѕЮрЅцрѕІ рІѕрІ░ рѕИрЅарѕЇ рІ░ріЋрЅбрІХрѕј рІерѕџрІѕрѕхрІ░рІЇ рѕўріЋрїѕрІх рѕІрѕѕрЇЅрЅх 3 рІЊрѕўрЅ│рЅх рЅарЇђрїЦрЅ│ рЅйрїЇрѕГ рЅ░рІўрїЇрЅХ рЅєрІГрЅирѕЇрЇб

рЅарІџрѕЁрѕЮ рѕЮріГріЋрІФрЅх рЇц рІюрїјрЅй ріерЇЇрЅ░ріЏ рІерібрі«ріќрѕџ ріЦріЊ рѕЏрѕЁрЅарѕФрІі рЅйрїЇрѕГ рѕ▓рїѕрїЦрѕЏрЅИрІЇ ріљрЅарѕГрЇб

ріарѕЂріЋ рѕІрІГ рїЇріЋ рѕђрїѕрѕГ рѕўріерѕѕріерІФ рѕ░рѕФрІірЅх рѕўріЋрїѕрІ▒ рѕѕріЁрЅЦрѕерЅ░рѕ░рЅА ріарїѕрѕѕрїЇрѕјрЅх рѕўрѕхрїарЅх ріЦріЋрІ▓рЅйрѕЇ рІерѕ░рѕІрѕЮ рѕЏрѕхріерЅарѕГ рЅарѕўрѕхрѕФрЅх рѕўріЋрїѕрІ▒ ріЦріЋрІ▓ріерЇѕрЅх рѕЏрІхрѕерїЅріЋ ріарѕ│рІЇрЅІрѕЇрЇб

рІерѕђрїѕрѕГ рѕўріерѕІріерІФ рѕарѕФрІірЅх "" рЅарЅђрїаріЊрІЇ рІерЅ░рѕ░рїаріЮріЋ рІерѕ░рѕІрѕЮ рѕЏрѕхріерЅарѕГ рїЇрІ│рїЁ рЅаріарїЇрЅБрЅА рЅарѕўрІѕрїБрЅх рЅаріаріФрЅБрЅбрІЇ рѕ░рѕІрѕЮ ріарѕхрЇЇріЏрѕѕрѕЂ "" рЅЦрѕЈрѕЇрЇб 

рѕЏріЁрЅарѕерѕ░рЅА рЅарѕхрЇІрЅх рІерѕџрїѕріЊріЮрЅарЅх ріЦріЋрІ▓рѕЂрѕЮ рІерїѕрЅарІФ рЅхрѕЦрѕЦрѕЕріЋ рІерѕџрІФрїаріЊріГрѕГрЅарЅх рѕўріЋрїѕрІх рІ│рїЇрѕЮ рЅарѕ░рѕІрѕЮ рѕўрІ░рЇЇрѕерѕх ріЦріЋрІ│рІГрІўрїІ рІерѕўріЋрїЇрѕЦрЅх ріЃрѕІрЇірІјрЅй ріЃрѕІрЇіріљрЅ│рЅИрІЇріЋ ріЦріЋрІ▓рІѕрїА рІерѕўріерѕІріерІФ рѕ░рѕФрІірЅ▒ ріарѕхрїѕріЋрІЮрЅДрѕЇрЇб

рЅарІџрѕЁ рЅђрїаріЊ рЅБрѕѕрЇЅрЅх 3 рІЊрѕўрЅ│рЅх рЅаріљрЅарѕерІЇ рїЇрїГрЅх рѕЋрІЮрЅА ріГрЇЅріЏ рІерЅ░рїјрІ│ рѕ▓рѕєріЋ рЅарЅ░рѕѕрІГ рІерѕўріЋрїѕрІ▒ рѕўрІўрїІрЅх рЅарѕЋрІЮрЅА┬а #рІерібрі«ріќрѕџрІФрІі ріЦріЊ #рѕЏріЁрЅарѕФрІі рѕЋрІГрІѕрЅх рѕІрІГ ріерЇЇрЅ░ріЏ рЅђрІЇрѕх ріарѕхріерЅхрѕЈрѕЇрЇб

#GambellaPressSecretariat

@tikvahethiopia",2023-06-04 19:11:25+00:00
24,,2023-06-04 19:11:25+00:00
25,,2023-06-04 19:11:24+00:00
26,,2023-06-04 19:11:24+00:00
27,,2023-06-04 19:11:24+00:00
28,""" рЇЇ/рЅцрЅ▒ рІерѕџрІФрѕхріерѕхрѕ│рЅИрІЇ рїЅрІ│рІГ рІерѕѕрѕЮ рЅарѕЏрѕѕрЅх рЅаріљрЇЃ ріарѕ░ріЊрЅЦрЅирЅИрІІрѕЇ "" - рїарЅарЅЃ рЅарѕЎрѕЅ рЅ│рІ░рѕ░ 

ріарЅХ рІўрѕўріљ ріФрѕ┤ ріерІўрїаріЮ рІѕрѕФрЅх рЅаріІрѕІ рІЏрѕг рїарІІрЅх ріерЅБрѕЋрѕГ рІ│рѕГ рѕЏрѕерѕџрІФ рЅцрЅх ріеріЦрѕхрѕГ рѕўрЇѕрЅ│рЅ│рЅИрІЇріЋ рїарЅарЅЃрЅИрІЇріЋ рІІрЅб рЅарѕЏрІхрѕерїЇ рІХрЅ╝ рЅерѕѕ рѕгрІхрІ« рїБрЅбрІФ рІўрїЇрЅДрѕЇрЇб

ріарЅХ рІўрѕўріљ "" рЅарѕЁрїЇ рѕЏрѕхріерЅарѕГ рѕЦрѕФ рѕІрІГ рІеріљрЅарѕеріЋ рѕ░рІЇ #рїѕрІхрѕѕрІІрѕЇ "" рЅарѕџрѕЇ рІѕріЋрїђрѕЇ рЅ░рїарѕГрїЦрѕерІЇ рЅарЅЂрїЦрїЦрѕГ рѕЦрѕГ рІерІІрѕЅрЅх рѕўрѕхріерѕерѕЮ 11 рЅђріЋ 2015 рІЊ.рѕЮ рЅарЅБрѕЋрѕГ рІ│рѕГ ріерЅ░рѕЏ ріљрЅарѕГрЇб 

рїЅрІ│рІФрЅИрІЇріЋ рѕ▓рѕўрѕѕріерЅх рІерЅєрІерІЇ рІерЅБрѕЋрѕГ рІ│рѕГ ріЦріЊ ріаріФрЅБрЅбрІЇ рЇЇ/рЅцрЅх ріарЅХ рІўрѕўріљріЋ "" рІерѕџрІФрѕхріерѕхрѕ│рЅИрІЇ рїЅрІ│рІГ рЅБрѕѕрѕўріќрѕЕ "" рїЇріЋрЅдрЅх 25 рЅђріЋ 2015 рІЊ.рѕЮ рЅаріљрЇЃ ріЦріЋрІ│рѕ░ріЊрЅарЅ│рЅИрІЇ рїарЅарЅЃрЅИрІЇ ріарЅХ рЅарѕЎрѕЅ рЅ│рІ░рѕ░ рЅ░ріЊрїЇрѕерІІрѕЇрЇб

рЅарѕўрїђрѕўрѕфрІФрІјрЅ╣┬а рІерїірІю рЅђрїарѕ«рІјрЅй рІѕрЅЁрЅх рѕїрѕјрЅй рїЇрѕѕрѕ░рЅА рІерЅ░рїарѕерїарѕЕрЅБрЅИрІЇ рїЅрІ│рІ«рЅй рЅбріќрѕЕрѕЮ ріГрѕ▒ рЅарІІріЊріљрЅх ріерїЇрІхрІФ рІѕріЋрїђрѕЇ рїІрѕГ рІерЅ░рІФрІФрІў ріЦріЋрІ░ріљрЅарѕГ рїарЅарЅЃрІЇ рЅ░ріЊрїЇрѕерІІрѕЇрЇАрЇА

ріарЅХ рІўрѕўріљ ріФрѕ┤ рІѕрІ░ рЇЇ/ рЅцрЅх ріЦріЋрІ░рѕЏрІГрѕёрІ▒ ріФрѕ│рІѕрЅЂ рЅаріІрѕІ ріарЅЦрІЏріЏрІЇріЋ рІерЇЇрѕГрІх рѕѓрІ░рЅ│рЅИрІЇріЋ рЅарѕїрѕЅрЅарЅх рЅарЅБрѕЁрѕГрІ│рѕГ ріЦріЊ ріаріФрЅБрЅбрІЇ рЇЇрѕГрІх рЅцрЅх рѕ▓ріФрѕёрІх рѕўрЅєрІерЅ▒ріЋ рІерѕгрІхрІ« рїБрЅбрІФрІЇ рІўрїѕрЅБ ріарѕўрѕЇріГрЅирѕЇрЇб

ріарЅХ рІўрѕўріљ ріФрѕ┤ рЅарЅђрІхрѕъ рІе "" ріарѕГрЅаріърЅй рїЇріЋрЅдрЅх 7 "" рІЇрѕхрїЦ рЅаріарЅБрѕЇріљрЅхріЊ рЅаріарѕўрѕФрѕГ рІЇрѕхрїЦ рІеріљрЅарѕЕ ріЦріЊ рѕерїЁрѕЮ рїірІю рЅаріцрѕГрЅхрѕФ рЅарѕГрѕђ рІЇрѕхрїЦ рЅарѕўрѕєріЋ "" #рібрѕЁріарІ┤рїЇ "" рѕўрѕФрѕ╣ріЋ ріарїѕрїЇрІЏ рѕ▓рЅ│рїѕрѕЅ рІФрѕ│рѕѕрЇЅ рЇц рЅарібрЅхрІ«рїхрІФ рІерѕўрїБрІЇріЋ рѕѕрІЇрїЦ рЅ░ріерЅхрѕјрѕЮ рІЇрїГ рІФрѕЅ рІерЅ│рїарЅЂ ріаріФрѕІрЅх рЅхрїЦрЅЃрЅИрІЇ ріарІЇрѕГрІ░рІЇ рІѕрІ░ рѕђрїѕрѕГ рѕ▓рїѕрЅА рІѕрІ░ рѕђрїѕрѕГ рІерїѕрЅА рѕ▓рѕєріЋ рІѕрІ░ рѕђрїѕрѕГ ріерїѕрЅА рЅаріЃрѕІ рЅарЇІріќ ріарІ░рѕерїЃрїђрЅх ріЦріЋрЅЁрѕхрЅЃрѕ┤ рІЇрѕхрїЦ рЅарЇірЅх рѕўрѕхрѕўрѕГ рѕІрІГ ріерѕџрЅ│рІѕрЅЂ рїЇрѕѕрѕ░рЅдрЅй рѕўріФріерѕЇ ріаріЋрІ▒ ріЊрЅИрІЇрЇб

ріерІџрѕЁ рЅђрІ░рѕЮ рѕѕріаріЋрІх рІерІЇрїГ рѕџрІ▓рІФ рЅарѕ░рїАрЅх рЅЃрѕЇ рЇц рЅаріарѕЏрѕФ ріГрѕЇрѕЇ рЅарїјрїЃрѕЮ ріаріФрЅБрЅб рІерѕџріЋрЅђрѕ│рЅђрІЇріЊ ріЦрѕФрѕ▒ріЋ "" рІеріарѕЏрѕФ рѕЋрІЮрЅБрІі ріЃрІГрѕЇ рЇІріќ "" рЅарѕЏрѕѕрЅх рІерѕџрїарѕФрІЇ рЅАрІхріЋ рѕ░рЅЦрѕ│рЅб ріЦріЋрІ░рѕєріЉ рЅ░ріЊрїЇрѕерІЇ ріљрЅарѕГрЇб

@tikvahethiopia",2023-06-04 18:22:15+00:00
29,,2023-06-04 18:22:15+00:00
30,""" рІерЇќрѕѕрЅ▓ріФ рѕЦрѕГрІЊрЅ▒ ріЦрѕхріФрѕЇрЅ░рѕерїІрїІ рІхрѕерѕх рІерібрі«ріќрѕџ рІЋрІхрїѕрЅх рѕіріќрѕГ ріарІГрЅйрѕЇрѕЮ "" - рІХ/рѕГ рІ▓рѕЏ ріљрїІрІј 

рѕфрЇќрѕГрЅ░рѕГ рїІрІюрїБ рІЏрѕг рЅБрѕ░рѕФрїерІЇ рІЋрЅхрѕЎ рЇц рЅа6ріЏрІЇ ріарїѕрѕФрІі рѕЮрѕГрїФ рЅарїЇрѕЇ рЅ░рІѕрІ│рІхрѕерІЇ рІФрѕИріљрЇЅрЅхрЇц рІерѕЋ/рЅ░/ рѕЮ/рЅцрЅх ріарЅБрѕЇ ріЦріЋрІ▓рѕЂрѕЮ рЅаріарѕЂріЉ рІѕрЅЁрЅх рІерѕЮ/рЅцрЅ▒ рІерІЇрїГ рїЇріЋріЎріљрЅхріЊ рѕ░рѕІрѕЮ рїЅрІ│рІ«рЅй рЅІрѕџ рі«рѕџрЅ┤ рѕ░рЅЦрѕ│рЅб рІерѕєріЉрЅх рІХ/рѕГ рІ▓рѕЏ ріљрїІрІјріЋ рЅЃрѕѕ рѕЮрѕЇрѕЇрѕх ріарІхрѕГрїЊрѕЇрЇб

рЅарІџрѕЁ рЅЃрѕѕрѕЮрѕЇрѕЇрѕх рЇЦ ріе120 рѕџрѕірІ«ріЋ рЅарѕІрІГ рѕЋрІЮрЅЦ ріЦріЋрІ│рѕѕ рЅарѕџріљрїѕрѕГрЅБрЅх рібрЅхрІ«рїхрІФ рІЇрѕхрїЦрЇц рѕѕрІџрѕЁ рѕЋрІЮрЅЦ рІерѕџрѕўрїЦріЋ рІѕрїЦ рІерѕєріЉ рїаріЋріФрѕФ ріарїѕрѕФрІі ┬арЇЊрѕГрЅ▓рІјрЅй рѕўрѕўрѕЦрѕерЅх ┬арѕѕрѕЮріЋ ріарѕЇрЅ░рЅ╗рѕѕрѕЮ ? рѕ▓рѕЅ рЅ░рїарІГрЅђрІЇ рЅ░ріерЅ│рІЕріЋ рѕЮрѕІрѕй рѕ░рїЦрЅ░рІІрѕЇрЇб

рІХ/рѕГ рІ▓рѕЏ ріљрїІрІј рЇд

"" ріаріЋрІ░ріЏрІЇ рїЇрѕѕріЮріљрЅх ріљрІЇрЇАрЇА ріЦрѕхріФрѕЂріЋ рЅБрѕѕріЮ ріарѕерІ│рІх рІерібрЅхрІ«рїхрІФ рѕЋрІЮрЅЦ рЅарЅАрІхріЋ рѕўрѕЦрѕФрЅх рѕІрІГ ріГрЇЇрЅ░рЅх ріарѕѕрЅарЅхрЇАрЇА рѕѕрІџрѕЁ рѕЏрѕ│рІФ ріаріЋрІх рѕЮрѕ│рѕї рѕЇрїЦрЅђрѕхрѕЇрѕЁрЇАрЇА рЅарібрЅхрІ«рїхрІФ рѕхрЇќрѕГрЅх рІЇрѕхрїЦ рІерЅАрІхріЋ рѕхрЇќрѕГрЅхріЊ рІерїЇрѕЇ рѕхрЇќрѕГрЅх ріарѕѕрЇАрЇА ріЦріЏ ріЦріЋрІ░ ріарїѕрѕГ рІерЅАрІхріЋ рѕхрЇќрѕГрЅх ріарѕИріЋрЇѕріЋ ріаріЊрІЇрЅЁрѕЮрЇАрЇА ріљрїѕрѕГ рїЇріЋ рЅарїЇрѕЇ рЅарѕџрІ░рѕерїѕрІЇ рІерѕЕрїФ рѕхрЇќрѕГрЅх ріФрІерѕЁ рѕЇрѕЁрЅђрЅх ріарѕѕріЋрЇАрЇА 

рІѕрІ░ рЇќрѕѕрЅ▓ріФ рѕхріЋрѕўрїБ рїЇріЋ рѕўрѕєріЋ рІеріљрЅарѕерЅарЅх рІерЅАрІхріЋ рѕхрЇќрѕГрЅх ріљрЅарѕГрЇАрЇА рЅарЅАрІхріЋ ріарЅЦрѕ« рѕўрѕЦрѕФрЅхріЊ рЅ░рЅђріЊрїЁрЅХ рѕўріЋрЅђрѕ│рЅђрѕх ріЦріЋрїѓрЇБ рЅарЅАрІхріЋ рІЇрѕхрїЦ ріЦріћ рІФрѕЇріЕрЅх рЅЦрЅ╗ ріерѕєріљ рїЇріЋ ріарІГрѕарѕФрѕЮрЇАрЇА┬а рѕЂрѕЅрѕЮ рІерѕџрІФріљрѕ│рІЇ рїЅрІ│рІГ рІѕрІ░ ріаріЋрІх рѕўрїЦрЅХ ріљрІЇ рЅарїІрѕФ рІерѕџрІѕрѕ░ріљрІЇрЇб 

рЅаріЦріЏ рЇќрѕѕрЅ▓ріФ рІЇрѕхрїЦ рІерѕЮрЅ│рІерІЇ ріЦріћ рІФрѕЇріЕрЅх рЅЦрЅ╗ рІГрѕЂріЋ рІерѕџрѕѕрІЇ ріљрїѕрѕГ рЅхрѕЇрЅЁ рЅдрЅ│ ріарѕѕрІЇрЇАрЇА 

рЅарЇќрѕѕрЅ▓ріФ рІ░рїЇрѕъ рїЇрѕѕрѕ░рЅдрЅй рЅарѕЮріърЅх рІерѕџрЇѕрѕЇрїЊрЅхріЋ рібрЅхрІ«рїхрІФ рЅЦрЅ╗ рІерѕџрЅђрѕГрЇЂрЅарЅх рѕЂріћрЅ│ рІГрЅ│рІФрѕЇ рЇц ріљрїѕрѕГ рїЇріЋ рІерЇќрѕѕрЅ▓ріФ рѕЦрѕФ рІерѕџріеріЊрІѕріљрІЇ ріарЅЦрІЏріЏрІЇ рѕЋрІЮрЅЦ рѕЮріЋ ріЦріЋрІ░рѕџрЇѕрѕЇрїЇ рЅ░рѕўрѕЦрѕГрЅХ рѕўрѕєріЋ ріарѕѕрЅарЅхрЇАрЇА 

рѕЏріЋріЏрІЇрѕЮ ріЁрЅЦрѕерЅ░рѕ░рЅЦ рІЇрѕхрїЦ рІ│рѕГріЊ рІ│рѕГ рІерЅєрѕЎ рѕ░рІјрЅй ріарѕЅрЇАрЇА рІерібрЅхрІ«рїхрІФ рЇќрѕѕрЅ▓ріФ рІЇрѕхрїЦ рЅ░рѕ░рѕџріљрЅх рІФрѕІрЅИрІЇ рїФрЇЇ рІерѕерїѕрїА рЅАрІхріќрЅй ріЊрЅИрІЇрЇБ рЅарЅђріЮрѕЮ рЅарїЇрѕФрѕЮ рЅаріЕрѕЇ рІерЅєрѕЎ рѕЏрѕѕрЅх ріљрІЇрЇАрЇА рЅарЅ░рѕѕрІГ рІ░рїЇрѕъ рІерѕЏріЁрЅарѕФрІі рѕџрІ▓рІФрІЇ ріЦріљрІџрѕЁріЋ рІ│рѕГ рІерѕерїѕрїА рѕ░рІјрЅй рІхрѕЮрЇЁ ріЦрІФрїјрѕІ ріљрІЇ рІерѕџрѕёрІ░рІЇрЇАрЇА

ріарЅЦрІЏріЏрІЇ ріЁрЅЦрѕерЅ░рѕ░рЅЦ рЅаріЦрїЂ рѕхрѕЇріГ ріарѕѕрІЇрЇБ ріЦрѕиріЋ рѕ▓рІФрІ│рѕЮрїЦ рІГрІЇрѕІрѕЇрЇАрЇА рЅарЅЃ рЇќрѕѕрЅ▓ріФрЅйріЋ рІФ ріљрІЇ рѕѕріЦріЏрЇАрЇА рЇќрѕѕрЅ▓ріФ рїЇріЋ ріерѕўрѕђрѕЇ ріљрІЇ рІерѕџрїђрѕЮрѕерІЇрЇАрЇА рІГрѕЁ рѕЏрѕѕрЅх ріерѕўрѕђрѕЇ рїѕрЅЦрЅ░рѕЁ ріарЅЦрІЏріЏрІЇ рібрЅхрІ«рїхрІФрІі рѕЮріЋ рІЊрІГріљрЅх ріарѕхрЅ░рѕ│рѕ░рЅЦ ріљрІЇ рІерѕџрЇѕрѕЇрїѕрІЇ ? рѕЮріЊрѕЇрЅБрЅх рѕЂрѕІрЅйріЋрѕЮ рІерѕЮріЋрЇѕрѕЇрїѕрІЇ ріаріЋрІх рІЊрІГріљрЅх рѕІрІГрѕєріЋ рІГрЅйрѕІрѕЇрЇАрЇА ріљрїѕрѕГ рїЇріЋ рІГрѕЁріЋ рѕЏрЅ╗рЅ╗рѕЇріЊ рѕЂрѕІрЅйріЋріЋрѕЮ рІерѕџрІФрѕхрѕЏрѕЏ рІўрѕІрЅѓ рІерѕєріљ рІерЇќрѕѕрЅ▓ріФ рѕЦрѕГрІЊрЅхріЊ рІЋрІхрїѕрЅх рЅарѕЏрѕЮрїБрЅхрЇБ рІГрѕЁріЋріЋ рѕЋрІЮрЅЦ ріерІхрѕЁріљрЅх рѕЏрІЇрїБрЅх ріарѕѕрЅЦріЋрЇАрЇА 

рІерЇќрѕѕрЅ▓ріФ рѕЦрѕГрІЊрЅ▒ ріЦрѕхріФрѕЇрЅ░рѕерїІрїІ рІхрѕерѕх рІерібрі«ріќрѕџ рІЋрІхрїѕрЅх рѕіріќрѕГ ріарІГрЅйрѕЇрѕЮрЇАрЇА рЅБрѕѕрЇЅрЅх рѕЂрѕѕрЅхріЊ рѕдрѕхрЅх рІЊрѕўрЅ│рЅх рЅаріарїѕрѕфрЅ▒ ┬арІеріљрЅарѕерІЇ рїдрѕГріљрЅх 5 рІЊрѕўрЅх ріљрІЇ рІѕрІ░ріІрѕІ рІерѕўрѕѕрѕ░ріЋрЇАрЇА 

рІерІЏрѕг ріарѕЮрѕхрЅх рІЊрѕўрЅх рІеріљрЅарѕГріЋрЅарЅх рїірІю рѕІрІГ рѕѕрѕўрІхрѕерѕх рІѕрІ░рЇірЅх ріарѕЦрѕГ рІЊрѕўрЅ│рЅх рІФрѕхрЇѕрѕЇрїЅріЊрѕЇрЇАрЇА рІФрѕЇрЅ░рѕерїІрїІ рІерЇќрѕѕрЅ▓ріФ рѕЦрѕГрІЊрЅх рІГрѕЁ ріљрІЇ рЅйрїЇрѕЕрЇАрЇА 

рІерібрі«ріќрѕџ рІЋрІхрїѕрЅх рѕѕрѕЏрѕЮрїБрЅхріЊ рѕЋрІЮрЅАріЋ ріерІхрѕЁріљрЅх рѕѕрѕЏрІЇрїБрЅх рѕ▓рЅ│рѕ░рЅЦ ріерЅБрІх ріљрІЇрЇАрЇА ріарѕЂріЋ ріарІ▓рѕх ріарЅарЅБ рІЇрѕхрїЦ рІерѕџріќрѕерІЇ рѕЋрІЮрЅЦ ріЦріћ рѕЮріЋ рЅарѕЇрЅХ ріЦріЋрІ░рѕџрІФрІхрѕГ ріарѕІрІЇрЅЁрѕЮрЇАрЇА рЅаріЦрІЇріљрЅ▒ ріаріЋрІ│ріЋрІ┤ рѕѕрѕўрїѕрѕўрЅхрѕЮ рІФрѕхрЅИрїЇрѕФрѕЇрЇАрЇА 

рІхрѕ« ріерЅ░рѕЏрІЇ рІЇрѕхрїЦ ріЦріЋрІ░ріљрЅарѕерІЇ ріарїѕрѕЇрїЇрѕјрЅх рЅарїѕрїарѕЕ рѕхрѕІрѕЇріљрЅарѕерЇБ рїѕрїарѕГ ріљрЅарѕГ рЅарЅЦрІЏрЅх рѕ░рІЇ рЅарІхрѕЁріљрЅх рІерѕџріќрѕерІЇрЇАрЇА 

ріарѕЂріЋ ріарЅЦрІЏріЏрІЇ рІ░рѕЃ рІФрѕѕрІЇ ріерЅ░рѕЏ рІЇрѕхрїЦ ріљрІЇрЇБ рЅарЅ░рѕѕрІГ рІ░рїЇрѕъ рЅхрѕЇрѕЇрЅЁ ріерЅ░рѕърЅй рІЇрѕхрїЦрЇАрЇА┬а рІерїѕрїарѕЕріЋ рѕхрЅ│рІГ рІГрЅЦрІЏрѕЮ рІГріљрѕхрѕЮ ріарѕГрѕХрѕЮ рЅєрЇЇрѕ«рѕЮ рІерѕџрЅарѕІрІЇ рІФрїѕріЏрѕЇрЇб 

ріарѕЂріЋ ріарЅЦрІЏріЏрІЇ рѕЋрІЮрЅЦ #ріЦрІФрѕЏрѕерѕе ріљрІЇрЇАрЇА рЅарІџрѕЁ рїірІю ріерЅ░рѕЏ рІЇрѕхрїЦ рІерЅ░ріерѕЏрЅИрІЇріЊ рЅаріЉрѕ« рІЇрІхріљрЅ▒ рІерЅ░рѕЏрѕерѕе рѕЋрІЮрЅЦ рѕѕрЇќрѕѕрЅ▓ріФ рѕЦрѕГрІЊрЅ▒рѕЮ ріарѕЦрїі ріљрІЇрЇАрЇА рЅ░рїѕрЅбрІЇ рѕЮрѕІрѕй рѕўрѕ░рїарЅх ріарѕѕрЅарЅхрЇб ""

рѕЎрѕЅ рЅЃрѕѕрѕЮрѕЇрѕЇрѕ▒рЇд www.ethiopianreporter.com/119191/

@tikvahethiopia",2023-06-04 14:52:50+00:00
31,,2023-06-04 14:52:50+00:00
32,""" рібрЅхрІ«рїхрІФ рѕЂрѕЅрѕЮ рѕѕрЇЇрЅХ рІерїѕріљрЅБрЅх ріарїѕрѕГ ріЊрЅх рЇц ріаріЋрІхріљрЅиріЋ рїарЅЦрЅє рѕѕрѕЏрЅєрІерЅх рЅарїІрѕФріЊ рЅарЅхрЅЦрЅЦрѕГ рѕўрѕхрѕФрЅх рІГрїѕрЅБрѕЇ "" - ріарЅХ рѕђрІГрѕЕ ріарѕЁрѕўрІ▓ріЋ

3ріЏрІЇ рІЎрѕГ рІерЅђрЅцріЊ рЅЦрѕёрѕерѕ░рЅЦ рІерЅ│рѕфріГрЇБ рІерЅІріЋрЅІріЊ рІерЅБрѕЁрѕЇ рѕ▓рѕЮрЇќрІџрІерѕЮ рЅарІѕрѕЇрЅѓрїц ріерЅ░рѕЏ рѕ▓ріФрѕёрІх рІЇрѕЈрѕЇрЇб

рІЏрѕг рЅаріљрЅарѕерІЇ рѕўрІхрѕеріГ рЇц "" рІерЅђрЅцріЊ рѕЁрІЮрЅЦ рЅ│рѕфріГ рЅаріарїѕрѕГ рїЇріЋрЅБрЅ│ "" рЅарѕџрѕЇ рѕГрІЋрѕх рІерІЇрІГрІГрЅх рѕўріљрѕ╗ рїйрѕЂрЇЇ рЅђрѕГрЅд ріљрЅарѕГрЇб

рЇЁрѕЂрЇЅріЋ рІФрЅђрѕерЅАрЅх ріарЅХ рѕђрІГрѕЕ ріарѕЁрѕўрІ▓ріЋ рѕ▓рѕєріЉ рЇц "" рЅаріарїѕрѕГ рїЇріЋрЅБрЅ│ рѕѓрІ░рЅх рѕЂрѕЅрѕЮ рІерібрЅхрІ«рїхрІФ рѕЁрІЮрЅЦ ріарѕхрЅ░рІІрїйрід ріарІхрѕГрїЊрѕЇ "" рЅЦрѕѕрІІрѕЇрЇб 

"" рібрЅхрІ«рїхрІФ рѕЂрѕЅрѕЮ рѕѕрЇЇрЅХ рІерїѕріљрЅБрЅх ріарїѕрѕГ рѕўрѕєріЌріЋ рЅарѕўрїѕріЋрІўрЅЦ ріаріЋрІхріљрЅиріЋ рїарЅЦрЅє рѕѕрѕЏрЅєрІерЅх рЅарїІрѕФріЊ рЅарЅхрЅЦрЅЦрѕГ рѕўріЋрЇѕрѕх рѕўрѕхрѕФрЅх рІГрїѕрЅБрѕЇ "" рѕ▓рѕЅ ріарѕхрїѕріЋрІЮрЅарІІрѕЇрЇб

рІерЅђрЅцріЊ рЅЦрѕёрѕерѕ░рЅЦ ріеріарїјрѕФрЅБрЅй рѕЁрІЮрЅдрЅй рїІрѕГ рЅарѕўрЅ░рЅБрЅарѕГ рѕѕріарїѕрѕГ ріаріЋрІхріљрЅх рѕўрїаріЊріерѕГ рІерЅаріЕрѕЅріЋ ріЦрІерЅ░рІѕрїБ ріЦріЋрІ░рѕџрїѕріЮ рѕўрїЇрѕѕрЇЃрЅИрІЇріЋ рібрІюріа рІўрїЇрЅДрѕЇрЇб

рЅарЅхрѕІріЋрЅхріЊрІЇ рІЋрѕѕрЅх рЅарЅђрЅцріЊ рѕЇрѕЏрЅх рѕЏрѕЁрЅарѕГ рЅарІѕрѕЇрЅѓрїц ріерЅ░рѕЏ рІерЅ░рїѕріљрЅБ "" рІерЅђрЅцріЊ рЅБрѕЁрѕЇ рѕЏрІЋріерѕЇ "" рЅ░рѕўрѕГрЅІрѕЇрЇб

@tikvahethiopia",2023-06-04 14:52:30+00:00
33,,2023-06-04 14:52:30+00:00
34,,2023-06-04 14:52:30+00:00
35,,2023-06-04 14:52:30+00:00
36,,2023-06-04 14:52:30+00:00
37,"рІеріцрѕїріГрЅхрѕфріГ рЇЇрїєрЅ│ ріГрЇЇрІФрІјріЋ
рЅарібрЅхрІ«рїхрІФ ріЋрїЇрІх рЅБріЋріГ рІерѕърЅБрІГрѕЇ рЅБріЋріфріЋрїЇ ріарїѕрѕЇрїЇрѕјрЅх ріЦріЊ рЅарѕ▓рЅбріб рЅЦрѕГ 
рЅБрѕЅрЅарЅхрЇБ рЅарІерЅхріЏрІЇрѕЮ рѕ░рІЊрЅхрЇБ рЅарѕЏріЋріЏрІЇрѕЮ рІерѕхрѕЇріГ ріарІГріљрЅх рѕўрЅЙрЅхрІј ріЦріЋрІ░рЅ░рїарЅарЅђ 
рЅарЅђрѕІрѕЅ рѕўріГрЇѕрѕЇ рІГрЅйрѕІрѕЅ!

**********************
рІерѕърЅБрІГрѕЇ рЅБріЋріфріЋрїЇ ріарїѕрѕЇрїЇрѕјрЅх рЅ░рїарЅЃрѕџ ріФрѕЇрѕєріЉ ріарЅЁрѕФрЅбрІФрІј рІѕрІ░рѕџрїѕріЮ рІерЅБріЋріЕ рЅЁрѕГріЋрїФрЇЇ рЅарѕўрЅЁрѕерЅЦ рІеріарїѕрѕЇрїЇрѕјрЅ▒ рЅ░рїарЅЃрѕџ рѕўрѕєріЋ рІерѕџрЅйрѕЅ рѕ▓рѕєріЋрЇБ рІерѕ▓рЅбріб рЅЦрѕГ ріарїѕрѕЇрїЇрѕјрЅх рѕўрїарЅђрѕЮ ріФрѕЇрїђрѕўрѕЕ рІ░рїЇрѕъ

Рђб рІѕрІ░ *847# рЅарѕўрІ░рІѕрѕЇрЇБ рІѕрІГрѕЮ 
Рђб рІерѕ▓рЅбріб рЅЦрѕГ рѕўрЅ░рїЇрЅарѕфрІФріЋ ріе Play Store рІѕрІГрѕЮ App Store рЅарѕЏрІЇрѕерІх рЅ░рѕўрІЮрїЇрЅарІЇ рІеріарїѕрѕЇрїЇрѕјрЅ▒ рЅ░рїарЅЃрѕџ рѕўрѕєріЋ рІГрЅйрѕІрѕЅрЇАрЇА 

рѕѕрЅарѕѕрїа рѕўрѕерїЃ рІѕрІ░ 951 ріљрї╗ рІерїЦрѕф рѕЏрІЋріерѕЇ рІГрІ░рІЇрѕЅрЇб

рІерѕ▓рЅбріб рЅЦрѕГ рѕўрЅ░рїЇрЅарѕфріЋ рѕѕрѕЏрІЇрѕерІх рІерѕџріерЅ░рѕЅрЅхріЋ рѕЏрѕхрЇѕріЋрїарѕфрІФрІјрЅй рІГрїарЅђрѕЎрЇА

Рђб рѕѕріаріЋрІхрѕ«рІГрІх рѕхрѕЇрі«рЅйрЇА
https://play.google.com/store/apps/details?id=prod.cbe.birr

Рђб рѕѕріарЇЋрѕЇ рѕхрѕЇрі«рЅйрЇА
https://apps.apple.com/us/app/cbebirr/id1600841787",2023-06-04 14:52:07+00:00
38,"#UAE

рЅаріарЅАрІ│рЅб рІерібрЅхрІ«рї░рІФ рідрѕГрЅХрІХріГрѕх рЅ░рІІрѕЋрІХ рІерѕўрЅЃріъ рЅцрЅ░ ріГрѕГрѕхрЅ▓рІФріЋ рѕѕрѕўріЋрЇѕрѕ│рІі ріарїѕрѕЇрїЇрѕјрЅх ріГрЇЇрЅх рЅ░рІ░рѕерїѕрЇб

рЅЦрЇЂрІЋ рІѕрЅЁрІ▒рѕх ріарЅАріљ рѕЏрЅхрІФрѕх рЅђрІ│рѕЏрІі рЇЊрЅхрѕГрІФрѕГріГ рѕГрІЋрѕ░ рѕірЅЃріљ рї│рї│рѕ│рЅх рІўрібрЅхрІ«рїхрІФ рѕірЅђ рї│рї│рѕх рІўріаріГрѕ▒рѕЮ рІѕріЦрїерїї рІўрѕўріЋрЅарѕе рЅ░ріГрѕѕ рѕЃрІГрѕЏріќрЅх рІЏрѕг рЅарЅ░рЅБрЅарѕЕрЅх ріарѕерЅЦ ріцрѕюрѕгрЅХрЅй / UAE рЇц #ріарЅАрІ│рЅб рІерібрЅхрІ«рї░рІФ рідрѕГрЅХрІХріГрѕх рЅ░рІІрѕЋрІХ рІерѕўрЅЃріъ рЅцрЅ░ ріГрѕГрѕхрЅ▓рІФріЋріЋ рѕўрѕГрЅђрІЇріЊ рЅБрѕГріерІЇ рѕѕрѕўріЋрЇѕрѕ│рІі ріарїѕрѕЇрїЇрѕјрЅх ріГрЇЇрЅх ріарІхрѕГрїѕрІІрѕЇрЇб 

рІерЅцрЅ░ ріГрѕГрѕхрЅ▓рІФріЉ рѕўрЅЃрѕерЅбрІФ рЅцрЅх рІЏрѕг рЅарЅ░рѕўрѕерЅђрЅарЅх рІѕрЅЁрЅх рЅАрѕФріг рІерѕ░рїАрЅх рЅЦрЇЂрІЋ рІѕрЅЁрІ▒рѕх рЇЊрЅхрѕГрІФрѕГріЕ рЇц "" рЅарѕЮрЅхрЇѕрѕЇрїЅрЅх рїірІю ріерЇЇрЅ│рЅйрѕЂ рІерѕЮрЅхрїѕрЅАрЅарЅх рЅцрЅ░ріГрѕГрѕхрЅ▓рІФріЋ рѕхрѕІрїѕріЏрЅйрѕЂ рІ░рѕх рЅЦрѕјріЊрѕЇрЇб рІГрѕЁріЋріЋ рІерѕџрІФрѕЁрѕЇ рѕхрЇІрЅх рІФрѕѕрІЇрѕЮ ріарІГрЅ╝ ріарѕІрІЇрЅЁрѕЮрЇб "" рЅЦрѕѕрІІрѕЇрЇб 

Via Ethiopian Embassy - UAE

@tikvahethiopia",2023-06-03 19:20:57+00:00
39,,2023-06-03 19:20:57+00:00
40,,2023-06-03 19:20:57+00:00
41,,2023-06-03 19:20:57+00:00
42,,2023-06-03 19:20:57+00:00
43,,2023-06-03 19:20:57+00:00
44,,2023-06-03 19:20:57+00:00
45,,2023-06-03 19:20:57+00:00
46,"рІерібрѕџрїЇрѕгрѕйріЋ ріЦріЊ рІюрїЇріљрЅх ріарїѕрѕЇрїЇрѕјрЅх ?

рІерібрѕџрїЇрѕгрѕйріЋ ріЦріЊ рІюрїЇріљрЅх ріарїѕрѕЇрїЇрѕјрЅх рЇц рЅарІЇрѕхрїА рЅБрѕѕрІЇ #рѕЎрѕхріЊ ріЦріЊ рЅЦрѕѕрѕ╣ ріарѕ░рѕФрѕ«рЅй рѕЮріГріЋрІФрЅх ріЦрїЁрїЇ рЅарѕГріФрЅХрЅй рІГрѕЏрѕерѕЕрЅарЅ│рѕЇрЇц рЅарЅ░рІ░рїІрїІрѕџ рїірІю рІерІџрѕЁ рѕўрѕхрѕфрІФ рЅцрЅх рїЅрІ│рІГ рЅбріљрїѕрѕГрѕЮ рЅйрїЇрѕЕ рїЇріЋ рІЏрѕгрѕЮ рІхрѕерѕх рѕірЅєрѕЮ ріарѕЇрЅ╗рѕѕрѕЮрЇб

рІюрїјрЅй #рЅарѕЁрїІрІі рѕўріЋрїѕрІх рѕЏрїЇріўрЅх рІФрѕѕрЅБрЅИрІЇріЋ ріарїѕрѕЇрїЇрѕјрЅх рЅарѕЎрѕхріЊ рѕ░ріЋрѕ░рѕѕрЅх рЅарЅ░рїБрѕўрѕЕ ріаріФрѕІрЅх рѕЮріГріЋрІФрЅх ріерЇЇрЅ░ріЏ ріГрЇЇрІФ ріЦріЋрІ▓ріерЇЇрѕЅріЊ ріерѕїрѕјрЅй рЅарЇірЅ│ рІФрѕѕ ріаріЋрІ│рЅй рІѕрѕерЇІ ріарїѕрѕЇрїЇрѕјрЅх ріЦріЋрІ▓рІФрїѕріЎ рІГрІ░рѕерїІрѕЇрЇб

рЅарІџрѕЁ рѕўрѕхрѕфрІФ┬а рЅцрЅх рІеріарїѕрѕЇрїЇрѕјрЅх ріарѕ░рїБрїЦ рІерѕџрѕЏрѕерѕЕрЇБ рІерѕџрЅарѕ│рїЕ ріЦріЊ ріЦріЋрїЇрѕЇрЅх рІерІ░рѕерѕ░рЅБрЅИрІЇ рЅарѕГріФрЅХрЅй ріЊрЅИрІЇрЇб

ріерѕ░рѕъріЉріЋ рІ░рїЇрѕъ рЅЦрѕћрѕФрІі рЅ┤рѕїрЅфрІЦріЋ рїБрЅЦрІФ (рібрЅ▓рЅф) ріаріЋрІх рІерѕЮрѕГрѕўрѕФ рїІрІюрїаріЮріљрЅх рѕхрѕФ рѕ░рѕГрЅХ ріарІерѕГ рѕІрІГ ріарІЇрѕј ріљрЅарѕГрЇб

рЅарІџрѕЁ рІерѕЮрѕГрѕўрѕФ рѕхрѕФрѕЮ рЅарібрѕџрїЇрѕгрѕйріЋ ріЦріЊ рІюрїЇріљрЅх ріарїѕрѕЇрїЇрѕјрЅх рІЇрѕхрїЦ рЇд

-┬а┬а рЅарЇЊрѕхрЇќрѕГрЅх ріЦрІхрѕ│рЅх ріЦріЊ ріеріарѕхрЅИрі│рІГ рЇЊрѕхрЇќрѕГрЅх ріарѕ░рїБрїЦ рїІрѕГ рЅ░рІФрІГрІъ рІюрїјрЅй рѕѕрѕЋрїѕ-рІѕрїЦ ріарѕарѕФрѕГ рЅ░рїІрѕІрїГ рѕєріљрІІрѕЇрЇб

- рЅарѕЋрїІрІі рѕўріЋрїѕрІх ріе6 рѕ║рѕЁ 500 рЅЦрѕГ рЅарЅ│рЅй рЅарѕєріљ рІѕрїф рѕўрїерѕерѕх рІерѕџрЅ╗рѕѕрІЇріЋ рЇЊрѕхрЇќрѕГрЅх ріЦрѕхріе 40 рѕ║рѕЁ рЅЦрѕГ рЅарѕўріГрЇѕрѕЇ ріарїѕрѕЇрїЇрѕјрЅх ріЦріЋрІ▓рІФрїѕріЎ ріЦріЋрІ░рѕџрІ░рѕерїЇ рЅ░рѕерїІрїЇрїДрѕЇрЇб

- рІюрїјрЅй рѕўрЅЦрЅ│рЅИрІЇ рѕѕрѕєріљрІЇ ріарїѕрѕЇрїЇрѕјрЅх рѕЋрїѕ-рІѕрїЦ ріГрЇЇрІФ ріЦріЋрІ▓ріерЇЇрѕЅ рІГрїарІерЅЃрѕЅ рЇц рЅ░рЅІрѕЎ рЅБрѕѕрЅарЅх ріаріФрЅБрЅб ріЦрѕхріе рІЇрѕхрїЦ рІхрѕерѕх рІерЅ░рІФрІФрІў рІерѕЎрѕхріЊ рѕ░ріЋрѕ░рѕѕрЅх ріарѕѕрЇб 

рѕѕрѕўрѕєріЉ рІГрѕЁ рЅ░рЅІрѕЮ рІГрѕЁріЋ рѕЂрѕЅ рЅйрїЇрѕ«рЅй рѕѕрѕўрЅЁрѕерЇЇ рѕЮріЋ ріЦрІФрІ░рѕерїѕ ріљрІЇ ?

рЅЃрѕІрЅИрІЇ рѕѕрЅЦрѕћрѕФрІі рЅ┤рѕїрЅфрІЦріЋ рїБрЅбрІФ рІерѕ░рїАрЅх рІерібрѕџрїЇрѕгрѕйріЋріЊ рІюрїЇріљрЅх ріарїѕрѕЇрїЇрѕјрЅх рІІріЊ рІ│рѕгріГрЅ░рѕГ ріарЅХ рЅЦрѕЕрѕЁрЅ░рѕхрЇІ рѕЎрѕЅрїїрЅ│┬а рЇд

"" ріе33 рЅарѕІрІГ рІерЅ░рЅІрѕЎ рѕарѕФрЅ░ріърЅй рѕІрІГ рІерѕЦріљ -рѕЮрїЇрЅБрѕГ ріЦрѕГрѕЮрїЃ рЅбрІѕрѕхрІхрѕЮ рІЏрѕгрѕЮ рїЇріЋ рЅарѕЎрѕхріЊ ріЦріЊ рЅарЅЦрѕЇрѕ╣ ріарѕарѕФрѕГ ріЦрІерЅ░рЇѕрЅ░ріЋріЋ ріљрІЇрЇб

рІюрїјрЅй рЅарЅ░рЅІрѕЎ ріарїѕрѕЇрїЇрѕјрЅх ріарѕ░рїБрїЦ рІЎрѕфрІФ рЅЁрѕгрЅ│ ріФрѕІрЅИрІЇ ріерЅЁрѕгрЅ│ рѕ░рѕџ рІ┤рѕхріГ ріаріЋрѕЦрЅХ ріЦрѕхріе рЅ░рЅІрѕЎ ріерЇЇрЅ░ріЏ ріарѕўрѕФрѕ«рЅй рІхрѕерѕх рЅарѕўрїѕріЊріўрЅх рЅЁрѕгрЅ│рЅИрІЇріЋ рЅбрІФрѕ░рѕЎ ріЦрѕГрѕЮрїЃ рѕѕрѕўрІЇрѕ░рІх рІЮрїЇрїЂ ріљріЋрЇб┬а 

рЅйрїЇрѕЕріЋ рЅарІўрѕІрЅѓріљрЅх рѕѕрѕўрЇЇрЅ│рЅхрѕЮ 95 рЅарѕўрЅХ рІерѕџрѕєріљрІЇ ріерЇЊрѕхрЇќрѕГрЅх рѕЋрЅхрѕўрЅх рїІрѕГ рЅ░рІФрІГрІъ рІФрѕЅ рїЇрЅЦрІЊрЅХрЅй рїГрѕЮрѕГ рЅарѕђрїѕрѕГ рІЇрѕхрїЦ ріЦріЋрІ▓рѕєріЉ рІерѕџрІФрѕхрЅйрѕЅ рѕЦрѕФрІјрЅй рЅ░рїаріЊрЅђрІІрѕЇрЇб

ріарїѕрѕЇрїЇрѕјрЅ▒ ріЦріЋрІ▓рїЊрІ░рѕЇ рІерѕџрІФрІ░рѕГрїЅ рІерЅ░рЅІрѕЎ рѕарѕФрЅ░ріърЅй рЅарЅЁрѕГрЅЦ рЅарѕџріФрѕёрІх рІеріарІ░рѕерїЃрїђрЅх рѕфрЇјрѕГрѕЮ рѕІрІГ рІГрїІрѕѕрїБрѕЅ ріЦрѕГрѕЮрїЃрѕЮ рІГрІѕрѕ░рІхрЅБрЅИрІІрѕЇрЇб "" рѕ▓рѕЅ рЅ░ріЊрїЇрѕерІІрѕЇрЇб

@tikvahethiopia",2023-06-03 12:52:34+00:00
47,,2023-06-03 12:52:34+00:00
48,"рЇјрЅХрЇд рЅаріарІ▓рѕх ріарЅарЅБ ріерЅ░рѕЏ рЅарЇђрїЦрЅ│ ріЃрІГрѕјрЅй рЅарЅ░рЅ░рі«рѕ░ рїЦрІГрЅх рІерЅ░рїѕрІ░рѕЅ рѕЮрІЋрѕўріЊріЋ рѕхрѕГрІЊрЅ░ рЅђрЅЦрѕФрЅИрІЇ рЅ░рЇѕрЇђрѕўрЇб

рѕхрѕГрІЊрЅ░ рЅђрЅЦрѕФрЅИрІЇ рІерЅ░рЇѕрЇђрѕўрІЇ рЅарі«рѕЇрЇї рѕўріФріљ рѕўрЅЃрЅЦрѕГ рѕ▓рѕєріЋ рЅарѕхрѕГрІЊрЅ░ рЅђрЅЦрѕЕ рѕІрІГ ріЦрїЁрїЇ рЅарѕГріФрЅ│ рѕЎрѕхрѕірѕЮ рѕЏрѕЁрЅарѕерѕ░рЅЦ рЅ░рїѕріЮрЅХ ріљрЅарѕГрЇб 

рЅарІЏрѕгрІЇ рІЋрѕѕрЅх рѕхрѕГрІЊрЅ░ рЅђрЅЦрѕФрЅИрІЇ рІерЅ░рЇѕрЇђрѕўрІЇ рІўрЅАрѕГ рѕЎрІ░рѕ▓рѕГрЇБ ріаріЋрІІрѕГ рѕ▒рѕЕрѕГрЇБ┬а рібрЅЦрѕФрѕѓрѕЮ рІ░ріЋрЅарѕЇрЇБ рїђрѕџрѕЇ рѕфрІхрІІріЋ ріЊрЅИрІЇрЇб

рїђрѕџрѕЇ рѕфрІхрІІріЋ рЅБрѕѕрЇѕрІЇ рѕ│рѕЮріЋрЅх рЅаріаріЋрІІрѕГ рѕўрѕхрїЁрІх ріерЇЇрЅ░ріЏ рїЅрІ│рЅх рІ░рѕГрѕХрЅарЅх рѕЁріГрѕЮріЊ рѕ▓ріерЅ│рЅ░рѕЇ рЅєрІГрЅХ рѕЁрІГрІѕрЅ▒ рЅарѕЏрѕѕрЇЅ рЅарІЏрѕгрІЇ ріЦрѕѕрЅх рѕхрѕГрІЊрЅ░ рЅђрЅЦрѕЕ рЅ░рЇѕрЇЁрѕЪрѕЇрЇб

Credit : Harun Media

@tikvahethiopia",2023-06-03 12:51:18+00:00
49,,2023-06-03 12:51:18+00:00
50,,2023-06-03 12:51:18+00:00
51,,2023-06-03 12:51:18+00:00
52,,2023-06-03 12:51:18+00:00
53,"#MyWishEnterprise

DEVELON (рІ▓рЅгрѕјріЋ) рІерѕџрѕѕрІЇ ріарІ▓рѕ▒ рІерІ▒рѕ│ріЋ рѕхрІФрѕю рІе Develop (РђюрѕЏрІ░рїЇРђЮ) ріЦріЊ Onward (РђюрІѕрІ░рЇірЅхРђЮ) рЅЃрѕІрЅХрЅй рІЇрѕЁрІх рѕ▓рѕєріЋрЇц рЅарі«ріЋрѕхрЅхрѕФріГрѕйріЋ рѕЏрѕйріљрѕф рІўрѕГрЇЇ рІФрѕ│рѕерЇЇріљрІЅріЋ рЅхрѕЇрЅЁ ріарѕ╗рѕФ рЅарѕЏрїјрѕЇрЅарЅх рЅарїј ріљрїѕрѕ«рЅйріЋ рІГрІўріЋ РђюрІѕрІ░рЇірЅх рѕѕрѕЏрІ░рїЇРђЮ рІФрѕѕріЋріЋ рѕЮріърЅх рІФріЋрЇђрЅБрѕГрЅЃрѕЇрЇб 

Рђб ріеріарІ▓рѕ▒ рІерЅЦрѕФріЋрІх рѕхрІФрѕю рѕѕрІЅрїЦ рІЇрїГ рѕЮріЋрѕЮ ріарІГріљрЅх рІЇрїФрІі рїѕрЇЁрЅ│рѕЮ рѕєріљ рІЇрѕхрїБрІі рІерѕЏрѕйріЉ ріаріФрѕІрЅх рѕІрІГ рѕѕрІЇрїЦ ріарѕЇрЅ░рІ░рѕерїѕрѕЮрЇб
┬а 
Рђб рідрѕГрїЁріЊрѕЇ рѕўрѕѕрІІрІѕрїФрЇБ ріарѕхрЅ░рѕЏрѕЏріЮрЇБ рЅђрѕЇрїБрЇІріЊ ріЦріЊ рЅ░рІ░рѕФрѕйріљрЅх рІФрѕѕрІЇ рІерїЦрїѕріЊ ріарїѕрѕЇрїЇрѕјрЅх рѕўрѕѕрІФрЅйріЋ ріЊрЅИрІЇрЇб

рѕЏрІГ рІірѕй рібріЋрЅ░рѕГрЇЋрѕФрІГрІЮ ріЃрѕІ/рІерЅ░/рІерїЇ/рѕЏ рЅ┤рѕїрїЇрѕФрѕЮ рЅ╗ріЊрѕІрЅйріЋріЋ рІГрЅђрѕІрЅђрѕЅрЇА https://t.me/MYWISHENT┬а 
+251-913-356384┬а +251-912-710661┬а +251-910-626917┬а +251-928-414395 
+251-911-606068┬а +251-922-475851┬а +251-935-409319┬а +251-911-602664",2023-06-03 12:50:39+00:00
54,"#рЅЦрѕГрѕЃріЋ_рЅБріЋріГ

рІерЅЦрѕГрѕЃріЋ рібріЋрЅ░рѕГріћрЅх рЅБріЋріфріЋрїЇ ріарїѕрѕЇрїЇрѕјрЅхріЋ рѕѕрѕЏрїЇріўрЅх https://berhanonline.et ­ЪЉѕ­ЪЉѕрѕіріЋріЕріЋ рЅарѕўрїФріЋ ріФрѕЅрЅарЅх рѕєріљрІЇ ріГрЇЇрІФрЇц рїѕріЋрІўрЅЦ рѕЏрѕхрЅ░рѕІрѕѕрЇЇ ріЦріЊ рѕўрѕ░рѕЇ рїЅрІ│рІГрІјрЅхріЋ рЅарѕЮрЅЙрЅх рІГріерІЇріЉ! 
рЅ░рїерѕЏрѕф рѕўрѕерїЃрІјрЅйріЋ рѕѕрѕЏрїЇріўрЅх ріарЅЁрѕФрЅбрІФрІј рЅарѕџрїѕріЎ рІерЅБріЋріЕ рЅЁрѕГріЋрїФрЇјрЅй  рїјрѕФ рІГрЅарѕЅ
#internetbanking #Stressfreebanking #berhanbank #bank #finance #bankinethiopia",2023-06-03 12:50:27+00:00
55,"рѕўріЋрїЇрѕЦрЅх рѕЮріЋ ріарѕѕ ?

рѕўріЋрїЇрѕЦрЅх рЅарЅ│рѕІрЅЂ ріаріЋрІІрѕГ рѕўрѕхрїѓрІх "" рѕЃрІГрѕЏріќрЅхріЋ рѕйрЇІріЋ рЅарѕЏрІхрѕерїЇ рѕЋрїѕ-рѕўріЋрїЇрѕЦрЅ│рІі рѕЦрѕГрІЊрЅ▒ріЋ рѕѕрѕЏрЇЇрѕерѕх "" рІерѕџріЋрЅђрѕ│рЅђрѕ▒ #рІерѕ┤рѕФ_рЅАрІхріќрЅй рІерѕ░рѕІрЅ▒ріЋ рѕ░рѕІрѕЏрІі рѕЦріљ-рѕЦрѕГрІЊрЅх рѕѕрѕЏрѕхріерЅарѕГ рЅарЅ░рѕ░рѕЏрѕЕ рІерЇђрїЦрЅ│ ріаріФрѕІрЅх рѕІрІГ рїЅрІ│рЅх рЅарѕЏрІхрѕерѕх рЅарЅ░ріљрѕ│ рѕерЅЦрѕ╗ рІерѕ░рІЇ рѕЁрІГрІѕрЅх рѕўрїЦрЇІрЅ▒ріЋ ріЦріЊ рїЅрІ│рЅх рѕўрІхрѕерѕ▒ріЋ рїѕрѕѕрЇђрЇб

рІерЇђрїЦрЅ│ріЊ рІ░рѕЁріЋріљрЅх рІерїІрѕФ рїЇрЅЦрѕе-ріЃрІГрѕЇ рІЏрѕг рѕЮрѕйрЅх рѕўрїЇрѕѕрїФ рѕ░рїЦрЅирѕЇрЇб
 
рЅарѕўрїЇрѕѕрїФрІЇ рЇц рІЏрѕг рїЇріЋрЅдрЅх 25 рЅђріЋ 2015 рІЊ.рѕЮ рЅаріарІ▓рѕх ріарЅарЅБ рЅарѕЂрѕЅрѕЮ ріГрЇЇрѕѕ ріерЅ░рѕърЅй рЅарѕџрїѕріЎ рѕўрѕхрїЁрІХрЅй рІерЅ░ріФрѕёрІ░рІЇ рІерїЂрѕЮріа рѕХрѕІрЅх рЅарѕ░рѕІрѕЮ рЅ░рїаріЊрЅІрѕЇ рЅЦрѕЈрѕЇрЇб

рЅарЅ│рѕІрЅЂ ріаріЋрІІрѕГ рѕўрѕхрїЁрІх рІерїЂрѕЮрІЊ рѕХрѕІрЅх рЅарѕ░рѕІрѕЮ рЅ░рїаріЊрЅє рѕЁрІЮрЅЦ рѕЎрѕхрѕірѕЎ ріЦрІерЅ░рѕўрѕѕрѕ░ рЅБрѕѕрЅарЅх рѕЂріћрЅ│ рѕђрІГрѕЏріќрЅхріЋ рѕйрЇІріЋ рЅарѕЏрІхрѕерїЇ "" рѕЋрїѕ-рѕўріЋрїЇрѕЦрЅ│рІі рѕЦрѕГрІЊрЅ▒ріЋ рѕѕрѕЏрЇЇрѕерѕх "" рІерѕџріЋрЅђрѕ│рЅђрѕ▒ #рІерѕ┤рѕФ_рЅАрІхріќрЅй рІерѕ░рѕІрЅ▒ріЋ рѕ░рѕІрѕЏрІі рѕЦріљ-рѕЦрѕГрІЊрЅх рѕѕрѕЏрѕхріерЅарѕГ рЅарЅ░рѕ░рѕЏрѕЕ рІерЇђрїЦрЅ│ ріаріФрѕІрЅх рѕІрІГ рїЅрІ│рЅх рѕѕрѕЏрІхрѕерѕх рЅарЅ░ріљрѕ│ рѕерЅЦрѕ╗ рІерѕдрѕхрЅх рѕ░рІјрЅй рѕЁрІГрІѕрЅх рѕ▓рІФрѕЇрЇЇ рЅарЅ░рІѕрѕ░ріЉ рѕ░рІјрЅй рѕІрІГ рІеріаріФрѕЇ рїЅрІ│рЅх рІ░рѕГрѕирѕЇ рЅЦрѕЈрѕЇрЇб

рЅаріЋрЅЦрѕерЅх рѕІрІГрѕЮ ріЦрѕхріе ріарѕЂріЋ рїЇрѕЮрЅ▒ рІФрѕЇрЅ░рІѕрЅђ ріфрѕ│рѕФ рІ░рѕГрѕирѕЇ рІФрѕѕрІЇ рїЇрЅЦрѕеріЃрІГрѕЅ рѕѕрЇђрїЦрЅ│ рѕЦрѕФ рЅарЅ░рѕ░рѕЏрѕЕ 63 рІерЇќрѕірѕх ріарѕўрѕФрѕГ ріЦріЊ ріарЅБрѕІрЅх рѕІрІГ рЅђрѕІрѕЇ ріЦріЊ ріерЅБрІх рІеріаріФрѕЇ рїЅрІ│рЅх рѕўрІхрѕерѕ▒ріЋ рїѕрѕЇрї┐рѕЇрЇб

рїЇрЅЦрѕе ріЃрІГрѕЅ "" рЇђрѕе-рѕ░рѕІрѕЮ ріЃрІГрѕјрЅй "" рѕ▓рѕЇ рІерїарѕФрЅИрІЇ ріаріФрѕІрЅх рІеріЦрѕЮріљрЅ▒ рЅ░ріерЅ│рІ«рЅй рЅарѕЁрїІрІі рѕўріЋрїѕрІх рІФрЅђрѕерЅАрЅхріЋ рїЦрІФрЅё рЅарѕўрїЦрѕѕрЇЇ рІерѕФрѕ│рЅИрІЇріЋ ріЦріЕрІГ рІЊрѕІрѕЏ рѕѕрѕЏрѕ│ріФрЅх рѕерЅЦрѕ╗рІЇріЋ рІѕрІ░ рѕїрѕјрЅй ріаріФрЅБрЅбрІјрЅй  рѕѕрѕЏрІЏрѕўрЅх рІФрІ░рѕерїЅрЅх рїЦрѕерЅх рІерЇђрїЦрЅ│ ріЃрІГрѕЅрЇБ рѕЁрІЮрЅа рѕЎрѕхрѕірѕЎ ріЦріЊ рІерѕђрІГрѕЏріќрЅ▒ ріарЅБрЅХрЅй рЅарїІрѕФ рЅарѕўрѕєріЋ рЅБрІ░рѕерїЅрЅх рѕГрЅЦрѕГрЅЦ рѕўрЅєрїБрїарѕГ рЅ░рЅйрѕЈрѕЇ рЅЦрѕЈрѕЇрЇб

рїЇрЅЦрѕе-ріЃрІГрѕЅ рЇц рІеріерЅ░рѕЏрІЇріЋ рЅЦрѕјрѕЮ рІерѕђрїѕрѕфрЅ▒ріЋ рѕарѕІрѕЮріЊ рІ░рѕЁріЋріљрЅх рѕѕрѕЏрѕхріерЅарѕГ рІерїђрѕўрѕерІЇріЋ рѕЁрїЇ рІерѕЏрѕхріерЅарѕГ рѕЦрѕФ #ріарїаріЊріГрѕ« ріЦріЋрІ░рѕџрЅђрїЦрѕЇ рїѕрѕЇрї┐рѕЇрЇб

рІерІ░рѕерѕ░рІЇріЋ ріарїарЅЃрѕІрІГ рїЅрІ│рЅх ріЦріЊ рЅарѕЁрїѕ-рІѕрїЦ рЅ░рїЇрЅБрѕЕ рѕІрІГ рІерЅ░рѕ│рЅ░рЇЅ "" рЇђрѕе-рѕ░рѕІрѕЮ ріЃрІГрѕјрЅй "" рѕІрІГ рІерїђрѕўрѕерІЇріЋ рѕЮрѕГрѕўрѕФрѕЮ рЅарѕўрЅђрїарѕЇ рЅарЅђрїБрІГ рІЇрїцрЅ▒ріЋ рѕѕрѕЁрІЮрЅА рІГрЇІ ріЦріЋрІ░рѕџрІФрІ░рѕГрїЇ ріарѕхрЅ│рІЇрЅІрѕЇрЇб

@tikvahethiopia",2023-06-02 18:29:02+00:00
56,,2023-06-02 18:29:01+00:00
57,"#Update

"" рЅаріаріЋрІІрѕГ рѕўрѕхрїѓрІх рІеріљрЅарѕЕ рЅарЅЂрїЦрѕГ ріЦрїЁрїЇ рЅарѕГріФрЅ│ рѕ░рІјрЅй рЅарѕ░рѕІрѕЮ ріЦріЋрІ▓рІѕрїА рЅ░рІ░рѕГрїЊрѕЇ "" - рІеріарІ▓рѕх ріарЅарЅБ ріЦрѕхрѕЇрѕЮріЊ рїЅрІ│рІ«рЅй ріерЇЇрЅ░ріЏ рѕЮ/рЅцрЅх

рІеріарІ▓рѕх ріарЅарЅБ ріЦрѕхрѕЇрѕЮріЊ рїЅрІ│рІ«рЅй ріерЇЇрЅ░ріЏ рѕЮ/рЅцрЅх рЇЋрѕгрІЮрІ│ріЋрЅх рѕИрІГрій рѕ▒рѕЇрїБріЋ ріарѕЏріЋ ріцрЅБ ріЦріЊ рІерЅарѕІрІГ ріарѕўрѕФрѕ«рЅй рЅаріаріЋрІІрѕГ рѕўрѕхрїѓрІх ріерІ░рѕерѕ▒рЅарЅх рїірІю рїђрѕЮрѕ« ріерЇЇрЅ░ріЏ рІерѕЏрѕерїІрїІрЅх рѕхрѕФ рЅарѕўрѕхрѕФрЅх ріаріЋрІх рѕИрѕѓрІх (рѕўрѕхрІІріЦрЅх) рІерѕєріљ рѕЎрѕхрѕірѕЮ ріЦріЊ рїЅрІ│рЅх рІерІ░рѕерѕ░рЅБрЅИрІЇріЋ рІѕрІ░ рѕєрѕхрЇњрЅ│рѕЇ ріЦріЋрІ▓рѕёрІ▒ рѕЏрІхрѕерїІрЅИрІЇріЋ рѕЮ/рЅцрЅ▒ ріарѕ│рІЇрЅІрѕЇрЇб

рІерїЂрѕўрІЊ рѕ░рѕІрЅх рѕѕрѕўрѕхрїѕрІх рЅаріаріЋрІІрѕГ рѕўрѕхрїѓрІх рІерЅ░рїѕріЎріЊ рЅарЅ░рЇѕрїарѕерІЇ рЅйрїЇрѕГ рѕЮріГріЋрІФрЅх рЅарѕўрѕхрїѓрІ▒ рЅЁрїЦрѕГ рїірЅб рІЇрѕхрїЦ рЅ│рїЇрЅ░рІЇ рІерЅєрІЕ рѕЮріЦрѕўріЊріЋрѕЮ рІѕрІ░рІерЅцрЅ│рЅИрІЇ #рЅарѕ░рѕІрѕЮ рѕИріЮрЅ░рІІрѕЇрЇб

ріаріЋрІхрѕЮ рѕ░рІЇ ріЦріЋрІ│рѕЇрЅђрѕе ріФрѕерїІрїѕрїА рЅаріЃрѕІ ріарѕўрѕФрѕ«рЅ╣ рІерѕўрѕхрїѓрІ▒ріЋ рЅЁрїЦрѕГ рїірЅб рѕѕрЅђрІЇ рѕўрІЇрїБрЅ│рЅИрІЇ рЅ░рїѕрѕЇрї┐рѕЇрЇб

ріерЇЇрЅ░ріЏ рѕЮ/рЅцрЅ▒ рЇц "" рѕѕрѕърЅ▒рЅх рїђріљрЅх ріЦріЋрІ▓рІѕрЇЇрЅЃрЅИрІЇрЇБ рѕѕрЅцрЅ░рѕ░рЅдрЅ╗рЅИрІЇ ріЦріЊ рѕѕрѕўрѕІрІЇ рѕЎрѕхрѕірѕЮ рѕЏрѕЁрЅарѕерѕ░рЅЦ рѕѕрЅ░рїјрІ▒рЅхрѕЮ рЅХрѕј рѕЏрїѕрїѕрѕЮріЋ рІГрЅИрѕГ рІўріЋрІх ріарѕІрѕЁріЋ ріЦріЋрїарІГрЅЃрѕѕріЋ "" рЅЦрѕЈрѕЇрЇб

рЅарЅђрїБрІГ рѕЁрІЮрЅа рѕЎрѕхрѕірѕЎ ріЦрІерЅ░рЇѕрЇђрѕЎрЅарЅх рІФрѕѕрІЇріЋ ріарѕІрїЇрЅБрЅЦ рІерѕўрЅЦрЅх рїЦрѕ░рЅХрЅй рЅарЅ░рїѕрЅбрІЇ рѕўрѕЇріЕ рѕўрЇЇрЅхрѕё рІФрїѕріЮ рІўріЋрІх рЅарібрЅхрІ«рїхрІФ ріЦрѕхрѕЇрѕЮріЊ рїЅрІ│рІ«рЅй рїарЅЁрѕІрІГ рѕЮ/рЅцрЅх рїарЅЁрѕІрѕІ рїЅрЅаріц рІЇрѕ│ріћ рѕўрѕ░рѕерЅх рІерЅ░рЅІрЅІрѕўрІЇріЋ рІўрїаріЮ ріарЅБрѕІрЅх рІФрѕЅрЅх рі«рѕџрЅ┤ріЋ ріЦріЊ рІеріарІ▓рѕх ріарЅарЅБ ріЦрѕхрѕЇрѕЮріЊ рїЅрІ│рІ«рЅй ріерЇЇрЅ░ріЏ рѕЮ/рЅцрЅх рІерѕџрѕ░рїарІЇріЋ ріарЅЁрїБрїФ ріЦріЋрІ░ рѕўрѕф рЅ░рЅІрѕЮ рЅарѕЏріГрЅарѕГ рЅ░рїЇрЅБрѕФрІі ріЦріЋрІ▓рІФрІ░рѕГрїЇ рїЦрѕф рЅђрѕГрЅДрѕЇрЇб

рѕўрѕерїЃрІЇ рІеріарІ▓рѕх ріарЅарЅБ ріЦрѕхрѕЇрѕЮріЊ рїЅрІ│рІ«рЅй ріерЇЇрЅ░ріЏ рѕЮ/рЅцрЅх ріљрІЇрЇб

@tikvahethiopia",2023-06-02 16:56:47+00:00
58,,2023-06-02 16:56:47+00:00
59,"#Update

рЅарЅ│рѕІрЅЂ ріаріЋрІІрѕГ рѕўрѕхрїѓрІх рЅарѕ░рѕІрѕЏрІі рѕЮріЦрѕўріЊріЋ рѕІрІГ рІерІ░рѕерѕ░рІЇріЋ рїЅрІ│рЅх рЅ░ріерЅхрѕј рІерібрЅхрІ«рїхрІФ ріЦрѕхрѕЇрѕЮріЊ рїЅрІ│рІ«рЅй рїарЅЁрѕІрІГ рѕЮріГрѕГ рЅцрЅх рѕ╝рІГрій рѕљрїѓ рібрЅЦрѕФрѕњрѕЮ рЅ▒рЇІ ріерѕџрѕўрѕѕріерЅ░рІЇ рІерЇїрІ░рѕФрѕЇ рЇЊрѕірѕх рі«рѕџрѕйріЋ рїІрѕГ рІерЅ░рЇѕрїарѕерІЇріЋ рЅђрІЇрѕх рѕѕрѕЏрѕерїІрїІрЅх ріЦріЊ рЅБрѕхрЅИрі│рІГ рІерЅ░рїјрІ▒рЅхріЋ рѕѕрѕЏрЅхрѕерЇЇ рЅарѕџрЅ╗рѕЇрЅарЅх рѕўріЋрїѕрІх рѕІрІГ ріЦрІерЅ░ріљрїІрїѕрѕЕ рѕўрЅєрІерЅ│рЅИрІЇ рЅ░рѕ░рѕЮрЅирѕЇрЇб

рЅарЅ░рЇѕрЇђрѕўрІЇ рїЦрЅЃрЅх рїЅрІ│рЅх рІерІ░рѕерѕ░рЅБрЅИрІЇ рѕЮрІЋрѕўріЊріЋ рІерѕЁріГрѕЮріЊ ріЦрѕГрІ│рЅ│ ріЦріЋрІ▓рІФрїѕріЎ рІѕрІ░ рѕєрѕхрЇњрЅ│рѕЇ ріЦріЋрІ▓рІѕрѕ░рІ▒ ріарѕЮрЅАрѕІрѕх рІѕрІ░  рЅдрЅ│рІЇ ріЦріЋрІ▓рІ░рѕГрѕх ріЦрІФрІ░рѕерїЅ рІГрїѕріЏрѕЅрѕЮ рЅ░рЅЦрѕЈрѕЇрЇб

рЅ│рѕІрЅЂ ріаріЋрІІрѕГ рѕўрѕхрїѓрІх ріерІЇрїЦрѕерЅх ріљрЇЃ ріЦріЋрІ▓рѕєріЋ рЇБрЅарѕўрѕхрїѓрІ▒ рІЇрѕхрїЦ рІерѕџрїѕріЎ рѕЮрІЋрѕўріЊріЋрѕЮ рЅарѕ░рѕІрѕЮ рІѕрІ░рЅцрЅ│рЅИрІЇ ріЦріЋрІ▓рїѕрЅА рІеріарІ▓рѕх ріарЅарЅБ ріЦрѕхрѕЇрѕЮріЊ рїЅрІ│рІ«рЅй ріерЇЇрЅ░ріЏ рѕЮріГрѕГ рЅцрЅх рЇЋрѕгрІЮрІ░ріЋрЅх рѕ╝рІГрій рѕ▒рѕЇрїБріЋ ріарѕЏріЋріЋ рїерѕЮрѕ« рѕХрѕхрЅх ріерЇЇрЅ░ріЏ ріарѕўрѕФрѕ«рЅй ріерѕўрїЁрѕірѕ▒ рЅ░рІѕріГрѕѕрІЇ рІѕрІ░ рЅдрЅ│рІЇ рЅарѕЏрѕЮрѕФрЅх ріерЇђрїЦрЅ│ ріЃрІГрѕЅ рїІрѕГ рІГрѕЁріЋ рЅ░рЇѕрЇЃрѕџ ріЦріЋрІ▓рѕєріЋ ріЦрІерѕ░рѕЕ рІГрїѕріЏрѕЅ рЅ░рЅЦрѕЈрѕЇрЇб

ріерѕЂрѕЅрѕЮ ріљрїѕрѕГ рЅарЇірЅх #рѕ░рЅЦріБрІіріљрЅх рѕўрЅЁрІ░рѕЮ рѕхрѕѕрѕџріќрѕГрЅарЅх рІерЅ░рїјрІ▒рЅхріЋ рІѕрІ░ рѕЁріГрѕЮріЊ рЅдрЅ│ рѕѕрѕЏрІхрѕерѕх ріЦріЊ рЅарѕўрѕхрїѓрІ▒ рІФрѕЅ рѕЮрІЋрѕўріЊріЋ рЅарѕ░рѕІрѕЮ рІѕрІ░рЅцрЅ│рЅИрІЇ ріЦріЋрІ▓рїѕрЅА рѕѕрѕЏрІхрѕерїЇ рЅарѕџрІ░рѕерїѕрІЇ рїЦрѕерЅх рЅаріаріЋрІІрѕГ рѕўрѕхрїѓрІх ріЦріЊ рЅарІЎрѕГрІФрІЇ рІФрѕѕрІЇ рІерЇђрїЦрЅ│ ріђрІГрѕЇрѕЮ рІГрѕЁ рЅ░рЇѕрЇЃрѕџ ріЦріЋрІ▓рѕєріЋ рІерЅаріЕрѕЅріЋ рѕЊрѕІрЇіріљрЅх ріЦріЋрІ▓рІѕрїБ рїЦрѕф рЅђрѕГрЅДрѕЇрЇб

(ріАрѕхрЅ│рІЮ ріарЅАрЅаріерѕГ ріарѕЁрѕўрІх)

@tikvahethiopia",2023-06-02 15:48:53+00:00
60,,2023-06-02 15:48:53+00:00
61,"рѕИрІГрій рѕ▒рѕЇрїБріЋ ріарѕЏріЋ ріцрЅБ ріаріЋрІІрѕГ рѕўрѕхрїѓрІх рІГрїѕріЏрѕЅрЇб

рІеріарІ▓рѕх ріарЅарЅБ ріЦрѕхрѕЇрѕЮріЊ рїЅрІ│рІ«рЅй ріерЇЇрЅ░ріЏ рѕЮ/рЅцрЅх рЇЋрѕгрІЮрІ│ріЋрЅх рѕИрІГрій рѕ▒рѕЇрїБріЋ ріарѕЏріЋ ріцрЅБ рЅаріарѕЂріЋ рѕ░ріарЅх ріаріЋрІІрѕГ рѕўрѕхрїѓрІх ріЦріЋрІ░рѕџрїѕріЎ рЅ░рїѕрѕЇрї┐рѕЇрЇб

рѕИрІГрій рѕ▒рѕЇрїБріЋ ріарѕЏріЋ ріцрЅБ ріерѕџрѕўрѕѕріерЅ░рІЇ ріаріФрѕЇ рїІрѕГ рЅарѕўріљрїІрїѕрѕГ рЅарѕ░рІјрЅй рѕІрІГ рІерѕџрІ░рѕГрѕ▒ рЅйрїЇрѕ«рЅй ріЦріЋрІ│рІГрЅБрЅБрѕ▒ ріЦріЊ рЅарѕўрѕхрїѓрІ▒ рїірЅб рІЇрѕхрїЦ рІерѕџрїѕріЎрЅхріЋ рѕ░рІјрЅй рЅарѕ░рѕІрѕЮ рІѕрІ░ рЅцрЅ│рЅИрІЇ ріЦріЋрІ▓рѕёрІ▒ рѕѕрѕЏрІхрѕерїЇ рїЦрѕерЅх ріЦрІФрІ░рѕерїЅ рІГрїѕріЏрѕЅ рѕ▓рѕЇ ріерЇЇрЅ░ріЏ рѕЮріГрѕГ рЅцрЅ▒ ріарѕ│рІЇрЅІрѕЇрЇб

@tikvahethiopia",2023-06-02 15:44:30+00:00
62,,2023-06-02 15:44:30+00:00
63,"#Update

рѕФрІФ рІЕріњрЅерѕГрѕ▓рЅ▓ рЅ░рѕЏрѕфрІјрЅй рЅаріаріФрѕЇ рЅђрѕГрЅарІЇ ріЦріЋрІ▓рѕўрІўрїѕрЅА рїЦрѕф ріарЅђрѕерЅарЇб

рѕФрІФ рІЕріњрЅерѕГрѕ▓рЅ▓ рЅарѕўрІ░рЅаріЏріЊ рЅ░ріерЅ│рЅ│рІГ рЅхрѕЮрѕЁрѕГрЅх рѕўрѕГрѕљ рїЇрЅЦрѕГ рЅхрѕЮрѕЁрѕГрЅ│рЅИрІЇріЋ рѕѕрѕўріерЅ│рЅ░рѕЇ рЅђрІ░рѕЮ рѕ▓рѕЇ рІЕріњрЅерѕГрѕ▓рЅ▓рІЅ рЅБрІѕрїБрІЅ рѕЏрѕхрЅ│рІѕрЅЁрІФ рѕўрѕ░рѕерЅх рІерЅ░рѕўрІўрїѕрЅА (рІерІЕріњрЅерѕГрѕ▓рЅ▓рІЅріЊ ріерѕїрѕјрЅй ріерЇЇрЅ░ріЏ рЅхрѕЮрѕЁрѕГрЅх рЅ░рЅІрѕЏрЅх рІФрѕўрѕѕріерЅ▒) рЅ░рѕЏрѕфрІјрЅй рѕ░ріћ 6 ріЦріЊ 7 / 2015 рІЊ.рѕЮ рЅарѕФрІФ рІЕріњрЅерѕГрѕ▓рЅ▓ рѕгрїЁрѕхрЅхрѕФрѕГріЊ ріарѕЇрѕЎріЊрІГ рІ│рІГрѕгріГрЅХрѕгрЅх рЅаріаріФрѕЇ рЅарѕўрїѕріўрЅх ріЦріЋрІ▓рѕўрІўрїѕрЅА рїЦрѕф ріарЅЁрѕГрЅДрѕЇрЇб

@tikvahethiopia",2023-06-02 14:59:10+00:00
64,,2023-06-02 14:59:10+00:00
65,"#Update

ріАрѕхрЅ│рІЮ рѕљрѕ░ріЋ рЅ│рїЂ (ріарѕЮрЅБрѕ│рІ░рѕГ) рЇц "" рІеріЃрІГрѕЇ ріЦрѕГрѕЮрїЃ  рЅарІерЅхріЏрІЅрѕЮ рѕўрѕўрІўріЏ рЅ░рЅђрЅБрІГріљрЅх рІерѕѕрІЅрѕЮ "" ріарѕЅрЇб

ріАрѕхрЅ│рІЮ рѕљрѕ░ріЋ "" рЅарІЏрѕгрІЅ рІЋрѕѕрЅх рЅарЅ│рѕІрЅЂ ріаріЋрІІрѕГ рѕўрѕхрїѓрІхріЊ рЅарѕїрѕјрЅй  рѕўрѕхрїѓрІХрЅй рІерѕўріЋрїЇрѕхрЅх рІерїИрїЦрЅ│ рѕђрІГрѕјрЅй рІерІѕрѕ░рІ▒рЅх рІеріЋрї╣рѕђріЋ рІюрїјрЅйріЋ рѕЁрІГрІѕрЅх рІерЅђрїарЇѕріЊ рІФрЅєрѕ░рѕѕ рІерѕђрІГрѕЇ ріЦрѕГрѕЮрїЃ  рЅарІерЅхріЏрІЅрѕЮ рѕўрѕўрІўріЏ рЅ░рЅђрЅБрІГріљрЅх рІерѕѕрІЅрѕЮ "" рЅЦрѕѕрІІрѕЇрЇб

"" ріЦріЋрІ▓рѕЁ рІЊрІГріљрЅх рІФрѕЇрЅ░рїѕрЅА ріЦрѕГрѕЮрїЃрІјрЅй рЅђрІЅрѕхріЋ рЅарѕЏрЅБрЅБрѕхріЊ рІерѕЏрѕЁрЅарѕерѕ░рЅАріЋ рѕЮрѕгрЅх рЅарѕўрїерѕўрѕГ рЅарѕђрїѕрѕГ рѕІрІГ ріарІ░рїІ рІерѕџрІ░рЅЁріЉ ріарѕІрѕхрЇѕрѕІрїі рІЅрїцрЅХрЅйріЋ рѕірІФрѕхріерЅхрѕЅ ріЦріЋрІ░рѕџрЅйрѕЅ рІерѕџрѕўрѕѕріерЅ░рІЇ ріаріФрѕЇ рѕірѕерІ│ рЅарЅ░рїѕрЅБ ріљрЅарѕГрЇАрЇА "" рѕ▓рѕЅ рїѕрѕЇрїИрІІрѕЇрЇб

@tikvahethiopia",2023-06-02 14:37:40+00:00
66,,2023-06-02 14:37:40+00:00
67,""" рІерЇђрїЦрЅ│ ріЃрІГрѕјрЅй рЅђрІЇрѕ▒ріЋ ріерѕџрІФрЅБрЅЦрѕ▒ ріЦрѕГрѕЮрїЃрІјрЅй рѕірЅєрїарЅА рІГрїѕрЅБрѕЇ "" - ріАрѕхрЅ│рІЮ ріарЅАрЅаріерѕГ ріарѕЁрѕўрІх

ріАрѕхрЅ│рІЮ ріарЅАрЅаріГрѕГ ріарѕЁрѕўрІх рЇц рІЏрѕг ріерїЂрѕЎрІЊ рЅаріІрѕІ рЅаріЋрЇЂрѕЃріЋ рѕ░рїІрїєрЅй рѕІрІГ рЅарЅ░рІѕрѕ░рІ░рІЇ рІеріЃрІГрѕЇ ріЦрѕГрѕЮрїЃ рЅарѕГріФрЅ│ рѕЎрѕхрѕірѕърЅй рѕІрІГ рїЅрІ│рЅх рѕўрІхрѕерѕ▒ріЋ рїѕрѕѕрЇЂрЇб

ріеріаріЋрІх рѕ░рІЊрЅх рЅарЇірЅх рЅБрѕ░рѕФрїЕрЅх рѕўрѕЇрІЋріГрЅ│рЅИрІЇ рЇц рІерѕЁріГрѕЮріЊ ріЦрѕГрІ│рЅ│ рѕЏрїЇріўрЅх рІФрѕЇрЅ╗рѕЅ рЅЦрІЎ рѕўрѕєріЊрЅИрІЇріЋріЊ рІГрѕЁріЋріЋ рЅђрІЇрѕх рѕѕрѕўрЇЇрЅ│рЅх рЅаріарѕхрЅИрі│рІГ ріарѕЮрЅАрѕІріЋрѕх рѕўрїЇрЅБрЅх ріЦріЋрІ│рѕѕрЅарЅх ріарѕ│рѕхрЅарІІрѕЇрЇб

"" рІерЇђрїЦрЅ│ ріЃрІГрѕјрЅй рЅђрІЇрѕ▒ріЋ ріерѕџрІФрЅБрЅЦрѕ▒ ріЦрѕГрѕЮрїЃрІјрЅй рЅарѕўрЅєрїарЅЦ рІѕрІ░рЅдрЅ│рІЇ рІерѕўрїЁрѕірѕх ріарѕўрѕФрѕ«рЅй ріЦріЊ рІерѕЎрѕхрѕірѕЎ рІерѕЏрѕЁрЅарѕерѕ░рЅЦ рѕўрѕфрІјрЅй ріЦріЋрІ▓рїѕрЅАріЊ рѕўрѕерїІрїІрЅх ріЦріЋрІ▓рЇѕрїЦрѕЕ рѕірЇѕрЅЁрІ▒ рІГрїѕрЅБрѕЇ "" рЅЦрѕѕрІІрѕЇрЇб

рЅарїЦрІГрЅх рЅ░рѕўрЅхрЅ░рІЇ рІ░рѕЏрЅИрІЇ ріЦрІерЇѕрѕ░рѕ▒ рІФрѕЅ рѕЎрѕхрѕірѕърЅй ріЦрѕГрІ│рЅ│ рѕірІФрїѕріЎ рІГрїѕрЅБрѕЇ рѕ▓рѕЅ ріарѕхрїѕріЋрІЮрЅарІІрѕЇрЇб

рЅарѕїрѕІ рЅаріЕрѕЇ рЇц рѕѕрїЂрѕЮрІЊ рѕ░рѕІрЅх рІѕрІ░ ріаріЋрІІрѕГ рѕўрѕхрїѓрІх рїѕрЅЦрЅ░рІЇ ріерѕўрѕхрїѓрІх рІЇрѕхрїЦ ріЦріЋрІ│рІГрІѕрїА рѕўріЋрїѕрІх рІерЅ░рІўрїІрЅБрЅИрІЇ рѕЮрІЋрѕўріЊріЋ ріЦрѕхріФрѕЂріЋ рѕўрІЇрїБрЅх ріЦріЋрІ│рѕЇрЅ╗рѕЅ рЅ░ріљрїЇрѕ»рѕЇрЇб

рІерЅ░рѕѕрІФрІЕ рЅ░рЇЁрІЋріќ рЇѕрїБрѕф рѕЎрѕхрѕірѕЮ рѕЮрѕЂрѕФріЋ┬а рЅаріаріФрЅБрЅбрІЇ рЅ░рїѕріЮрЅ░рІЇ рІерѕЏрѕерїІрїІрЅх рѕхрѕФріЊ рЅарѕўрѕхрїѓрІх рІЇрѕхрїЦ рІФрѕЅрЅхріЋ рѕЮрІЋрѕўріЊріЋ рѕѕрѕЏрѕхрѕѕрЅђрЅЁ рѕЎріерѕФ ріЦрІФрІ░рѕерїЅ рѕўрѕєріЉріЋ рІЏрІЇрІФ рЅ┤рѕїрЅфрІЦріЋ рІўрїЇрЅДрѕЇрЇб

рЅаріаріЋрІІрѕГ рѕўрѕхрїѓрІх рІЇрѕхрїЦ рІерѕџрїѕріЎ рѕЮрІЋрѕўріЊріЋ рІеріарѕхрѕГ рѕ░рѕІрЅ│рЅИрІЇріЋ рЅарѕ░рѕІрЅ░рѕЇ ріИрІЇрЇЇ рІ▓ріЊрІі рѕхрѕГріарЅх рѕ░рїЇрІ░рІЇ рЅарѕўрѕхрїѓрІх рІЇрѕхрїЦ рЅ░рЅђрѕЮрїарІЇ рІГрїѕріЏрѕЅ рЅ░рЅЦрѕЈрѕЇрЇб

рѕ░рІЊрЅ▒ ріЦрІерѕўрѕИ рѕхрѕѕрѕєріљ рѕўрїЁрѕірѕх ріЦріЊ рІерѕџрѕўрѕѕріерЅ░рІЇ ріаріФрѕЇ рѕЂрѕЅ рІерЅаріЕрѕЅріЋ ріЦріЋрІ▓рІѕрїБріЊ рѕўріЋрїѕрІ▒ рЅ░ріерЇЇрЅХ ріЦріЋрІ▓рІѕрїА ріЦріЋрІ▓рІ░рѕерїЇ рїЦрѕф рЅђрѕГрЅДрѕЇрЇб

@tikvahethiopia",2023-06-02 14:23:06+00:00
68,,2023-06-02 14:23:06+00:00
69,"#рЅ┤ріГріќ_рѕърЅБрІГрѕЇ

рЅарЅЁрѕГрЅА рЅ┤ріГріќ рѕърЅБрІФрѕЇ рЅарібрЅхрІ«рїхрІФ рІФрѕхрЅ░рІІрІѕрЅђрІЇ рІўрѕўріЊрІі ріЦріЊ рІерЅ░рѕФрЅђрЅђрІЇ рЇІріЋрЅ░рѕЮ рЅф рЇјрѕЇрІх рѕхрѕЇріГ рѕърІ┤рѕЇ !

рІерѕџрЅ│рїарЇЇ рІѕрІГрѕЮ рЇјрѕЇрІ░рЅЦрѕЇ рІерѕърЅБрІГрѕЇ рѕхрѕЇріГ рЅ┤ріГріќрѕјрїѓ рЅарѕўрІФрІЮ рІерЅ░рѕўрѕерЅ░рІЇ рЇІріЋрЅ░рѕЮ рЅф рЇјрѕЇрІх ріерѕЇрІЕ рІ▓рІЏрІГріЉ рЅарЅ░рїерѕЏрѕф┬а рѕѕрЅ░рїарЅЃрѕџрІјрЅй рѕЮрЅ╣ ріарїѕрѕЇрїЇрѕјрЅХрЅйріЋ ріЦріЋрІ▓рѕ░рїЦ рІФрѕхрЅйрѕѕрІЇ рІўріЋрІх рѕ▓рІўрѕерїІ рЅарЅБрѕѕ 7.85 рібріЋрЅй рѕ░рЇі рѕхріГрѕфріЋ ріЦріЋрІ▓рѕЂрѕЮ рѕ▓рЅ│рїарЇЇ 6.42 рібріЋрЅй рѕхріГрѕфріЋ рІерІФрІў рѕ▓рѕєріЋ рЅарЅ░рїерѕЏрѕфрѕЮ рЅаріарїѕрѕЇрїЇрѕјрЅх рїірІю рЅарѕўрЅ░рїБрїарЇЅ рѕЮріГріЋрІФрЅх ріЦріЋріеріЋ ріЦріЋрІ│рІГріќрѕГ рІерѕџрІФрѕерїѕрІЇ рІеріцрѕ«рѕхрЇћрѕх рїЇрѕгрІх рѕѓріЋрїЁ рЅ░рїѕрїЦрѕърѕѕрЅ│рѕЇрЇб┬а

рІерЇІріЋрЅ░рѕЮ рЅф рЇјрѕЇрІх рЅарЅБрѕѕ 5 рѕїріЋрѕх рѕ▓рѕхрЅ░рѕЮ рІерѕџрЅ░рїѕрЅЦрѕГ ріФрѕюрѕФ рЅарѕўрїарЅђрѕЮ ріЦрїЁрїЇ ріерЇЇрЅ░ріЏ рїЦрѕФрЅх (ultra-HD) рІФрѕІрЅИрІЇ рѕЮрѕхрѕјрЅйріЋ рІерѕЏріЋрѕ│рЅх ріарЅЁрѕЮ ріарѕѕрІЇрЇб 

рІўрѕўріЉ рІФрЇѕрѕФрІЇріЊ ріерЇЇрЅ░ріЊ ріарЅЁрѕЮ ріЦріЋрІ│рѕѕрІЇ рІерѕџріљрїѕрѕГрѕѕрЅхріЋ рѕџрІ▓рІФрЅ┤ріГ рІ▓рѕЮріљрѕ▓рЅ▓ 9000 рІерЅ░рЅБрѕѕ рЇЋрѕ«рѕ░рѕ░рѕГ ріе256 рїѓрЅб рѕюрѕърѕф ріЦріЊ 12рїѓрЅб рѕФрѕЮ рІерІФрІўрІЇ рЇІріЋрЅ░рѕЮ рЅф рЇјрѕЇрІх рѕЏріЋріЏрІЇріЋрѕЮ ріарІГріљрЅх рѕўрЅ░рїЇрЅарѕфрІФ рЅарЇЇрїЦріљрЅх ріЦріЊ рІФрѕѕріЦріЋріеріЋ ріЦріЋрІ▓рѕ░рѕФ рІерѕЏрѕхрЅ╗рѕЅ рѕЇрІЕ ріарЅЁрѕЮ рЅЦрѕјрѕЮ рЅарѕърЅБрІГрѕЇ рѕхрѕЇріГ рЅарѕўрїарЅђрѕЮ рЅЦрІЎ рѕхрѕФрІјрЅйріЋ рѕѕрѕџрѕ░рѕЕ рЅБрѕѕрѕЎрІФрІјрЅй ріЦріЊ рѕђрѕІрЇірІјрЅИ рЅ░рѕўрѕФрїГ рІФрІ░рѕГрїѕрІІрѕЇрЇб",2023-06-02 14:22:49+00:00
70,"#EthioTelecom

рІерІхрѕЮрїй рїЦрѕф рїЦрЅЁрѕјрЅ╗рЅйріЋ ріе100% рЅ░рѕўрѕІрѕй рїІрѕГ рЅђрѕерЅА!

рѕЂрѕЅрѕЮ рІерІхрѕЮрїй рїЦрѕф рїЦрЅЁрѕјрЅ╗рЅйріЋ ріе100% рѕхрїдрЅ│ рїІрѕГ ріЦріЋрІ▓рѕЂрѕЮ рІѕрѕГрѕЃрІірІјрЅ╣ рЅ░рїерѕЏрѕф рІерібріЋрЅ░рѕГріћрЅх рїЦрЅЁрѕЇ рЅ│ріГрѕјрЅБрЅИрІЇ рІГрЅарѕЇрїЦ рѕѕріЦрѕГрѕхрІј рЅ░рѕхрѕЏрѕџ рѕєріљрІЇ рЅђрѕГрЅарІІрѕЇ

ріеріарІГріљрЅ░ рЅЦрІЎ рѕ░рЇі рѕЇрІЕ рІерїЦрЅЁрѕЇ рїѕрЅарЅ│рЅйріЋ рЅарЅ┤рѕїрЅЦрѕГ рѕ▒рЇљрѕГріарЇЋ рЅарІхрїІрѕџ ріе10% рѕхрїдрЅ│ рїІрѕГ ріЦріЋрІ▓рѕЂрѕЮ рЅарѕЏрІГ рібрЅхрІ«рЅ┤рѕЇ ріЦріЊ *999# рѕЇрЅЦрІј рІерЇѕрЅђрІ░рІЇріЋ рІГрІўрІЎ!",2023-06-02 14:22:44+00:00
71,,2023-06-02 14:22:44+00:00
72,,2023-06-02 14:22:44+00:00
73,,2023-06-02 14:22:44+00:00
74,"#AddisAbaba

рІЏрѕг рЅаріарІ▓рѕх ріарЅарЅБ рЇц "" ріаріЋрІІрѕГ рѕўрѕхрїѓрІх "" ріерїЂрѕўріа рѕхрїЇрІ░рЅх рѕўрїаріЊрЅђрЅЁ рЅаріЃрѕІ рІерЇђрїЦрЅ│ ріЃрІГрѕјрЅй рЅарЅ░ріерЇѕрЅ▒рЅх рЅ░ріЕрѕх рІерѕ░рІЇ рѕЁрІГрІѕрЅх рѕхрѕѕрѕЏрѕѕрЇЅріЊ рїЅрІ│рЅх рѕхрѕѕрѕўрІхрѕерѕ▒ рЅаріаріФрЅБрЅбрІЇ рІерѕџрїѕріЎ рІерЅ▓ріГрЅФрѕЁ рЅцрЅ░рѕ░рЅЦ ріарЅБрѕІрЅх рїарЅЂрѕўрІІрѕЇрЇб

рЅаріарѕЂріЋ рѕ░рІЊрЅх рІерЅ░рїјрІ▒ рѕ░рІјрЅй ріЦрѕГрІ│рЅ│ ріЦріЋрІ▓рІФрїѕріЎ рїЦрѕф ріарЅЁрѕГрЅарІІрѕЇрЇб

рЅарѕўрѕхрїѓрІ▒ рЅаріљрЅарѕерІЇ рѕЂріћрЅ│ рІеріарІ░рїІ рїірІю ріарІЏріЋ рѕўрѕ░рѕЏрЅ▒ рЅ░ріљрїЇрѕ»рѕЇрЇб

ріерІџрѕЂ рїІрѕГ рЅарЅ░рІФрІе ріАрѕхрЅ│рІЮ ріарЅАрЅаріерѕГ ріарѕЁрѕўрІх рЇц "" рЅарЅ│рѕІрЅЂ ріаріЋрІІрѕГ рѕўрѕхрїѓрІх рІерїЂрѕЮрІЊ рѕ░рѕІрЅ▒ріЋ рѕѕрѕўрѕхрїѕрІх ріерЅцрЅ▒ рІерІѕрїБріЋ ріЦріЊ рЅарѕўрѕхрїѓрІх рІФрѕѕріЋ ріЋрЇЂрѕЃріЋ рѕЁрІЮрЅа рѕЎрѕхрѕірѕЮ рѕІрІГ рІФрѕѕрѕЮріЋрѕЮ рѕГрѕЁрѕФрѕё рЅарїЦрІГрЅх рІерѕђрІГрѕЇ ріЦрѕГрѕЮрїЃ рѕўрІЇрѕ░рІх ріб рѕ░рЅЦрІЊрІі рЅ░рїЇрЅБрѕГ ріљрІЇ "" рЅЦрѕѕрІІрѕЇрЇб

"" рЅБрІХ ріЦрїЂріЋ рѕѕрѕ░рѕІрЅх рЅарІѕрїА ріЋрЇЂрѕђріЋ рѕІрІГ ріЦрІерЅ░рІѕрѕ░рІ░ рІФрѕѕрІЇріЋ рІеріЃрІГрѕЇ ріЦрѕГрѕЮрїЃ рІерЇђрїЦрЅ│ ріЃрІГрѕјрЅй рІФрЅєрѕЎ рІўріЋрІх ріарѕ│рѕхрЅБрѕѕрѕЂ "" рІФрѕЅрЅ▒ ріАрѕхрЅ│рІЮ ріарЅАрЅаріерѕГ "" рЅарѕўрѕхрїѓрІ▒ рЅ░рїарѕЇрѕѕрІЇ рІерѕџрїѕріЎ ріЦріЊ рІФрѕѕрѕЁрѕФрѕё рЅарїЦрІГрЅх рЅ░рѕўрЅхрЅ░рІЇ рЅарѕўрѕхрїѓрІ▒ рІЇрѕхрїЦ ріЦріЊ рІЎрѕфрІФрІЇріЋ рІѕрІхрЅђрІЇ рІерѕџрїѕріЎрЅх рІѕріЋрІхрѕърЅ╗рЅйріЋ рЅаріарѕхрЅИрі│рІГ рІѕрІ░ рѕЁріГрѕЮріЊ рЅдрЅ│ рІГрІѕрѕ░рІ▒ рІўріЋрІх ріарѕЮрЅАрѕІріЋрѕх рІѕрІ░ рЅдрЅ│рІЇ ріЦріЋрІ▓рїѕрЅБ рѕўріЋрїѕрІ▒ріЋ ріГрЇЇрЅх рѕЇрЅ│рІ░рѕГрїЅ рІГрїѕрЅБрѕЇ "" рѕ▓рѕЅ рїЦрѕф ріарЅЁрѕГрЅарІІрѕЇрЇб

рѕхрѕѕ рІЏрѕгрІЇ рІеріаріЋрІІрѕГ рѕўрѕхрїѓрІх рѕЂріћрЅ│ рІерібрЅхрІ«рїхрІФ ріЦрѕхрѕЇрѕЮріЊ рїЅрІ│рІ«рЅй рїарЅЁрѕІрІГ рѕЮріГрѕГ рЅцрЅх ріЦріЋрІ▓рѕЂрѕЮ рІеріа/ріа ріЦрѕхрѕЇрѕЮріЊ рїЅрІ│рІ«рЅй ріерЇЇрЅ░ріЏ рѕЮріГрѕГ рЅцрЅх рІерѕџрѕ░рїАрЅх рѕўрѕерїЃ / рѕўрїЇрѕѕрїФ ріФрѕѕ рЅ░ріерЅ│рЅхрѕѕріЋ ріЦріЊрѕ│рІЇрЅЃрѕѕріЋрЇб

рЅарЅ░рѕўрѕ│рѕ│рІГ рЅарѕўріЋрїЇрѕхрЅх / рЅаріерЅ░рѕЏрІЇ ріарѕхрЅ░рІ│рІ░рѕГ рЅаріЕрѕЇ рІерѕџрѕ░рїЦ рѕЏрЅЦрѕФрѕфрІФ ріФрѕѕ рЅ░ріерЅ│рЅхрѕѕріЋ рІерѕЮріЊрЅђрѕГрЅЦ рІГрѕєріЊрѕЇрЇб

рЅБрѕѕрЇѕрІЇ рѕ│рѕЮріЋрЅх рїЂрѕўріа рЅаріаріЋрІІрѕГ рѕўрѕхрїѓрІх рЅарѕИрїѕрѕГ ріерЅ░рѕЏ ріЦрІерЅ░ріеріЊрІѕріљ рІФрѕѕрІЇ рІерѕўрѕхрїѓрІХрЅй рЇѕрѕерѕ│ рЅ░рїЇрЅБрѕГ рЅаріарЇІрїБріЮ ріЦріЋрІ▓рЅєрѕЮ рїЦрѕф рЅарЅђрѕерЅарЅарЅх рІѕрЅЁрЅх рЅарЅ░рІѕрѕ░рІ░ ріЦрѕГрѕЮрїЃ рІерѕ░рІјрЅй рѕЁрІГрІѕрЅх рѕЏрѕѕрЇЅ рІерѕџрІўріљрїІ ріарІГрІ░рѕѕрѕЮрЇб

рїЦрЅєрѕЏ рЇд ріарѕЮрЅАрѕІріЋрѕх рѕѕрѕЏрїЇріўрЅх 907 рІѕрІГрѕЮ рЅа0115150608 рѕІрІГ рІГрІ░рІЇрѕЅрЇб

@tikvahethiopia",2023-06-02 11:54:22+00:00
75,,2023-06-02 11:54:22+00:00
76,"#MoE

ріарїѕрѕГ ріарЅђрЇЇ рЇѕрЅ░ріЊрІјрЅй рІерѕџрѕ░рїАрЅБрЅИрІЇ ріЦріЊ рІерѕЮрѕерЅЃ рЅђріЊрЅх ріЦріЋрІ▓рѕЂрѕЮ рІерѕгрѕюрІ▓рІФ рЇѕрЅ░ріЊ рІѕрїцрЅх ріарІФрІФрІЮ рѕІрІГ рЅЁрІФрѕф рЅ░рІ░рѕГрїЊрѕЇрЇб

рЅхрѕЮрѕЁрѕГрЅх рѕџріњрѕхрЅ┤рѕГ рЇц рїЇріЋрЅдрЅх 9 рЅђріЋ 2015 рІЊ/рѕЮ рІФрѕхрЅ░рѕІрѕѕрЇѕрІЇріЋ рѕ┤рѕГріЕрѕІрѕГ рЅарЅ░рѕўрѕѕріерЅ░ ріерІЕріњрЅерѕГрѕ▓рЅ▓рІјрЅйріЊ ріеріГрѕЇрѕЇ рЅх/рЅбрѕ« ріарѕўрѕФрѕ«рЅй рїІрѕГ рЅарІхрїІрѕџ рїЇріЋрЅдрЅх 22 рЅђріЋ 2015 рЅарЅарІГріљ-рѕўрѕерЅЦ рІЇрІГрІГрЅх ріарІхрѕГрїЊрѕЇрЇб

рЅарІЇрІГрІГрЅ▒ рѕўрѕ░рѕерЅхрѕЮ рЇд

- рЇѕрЅ░ріЊрІјрЅй рІерѕџрѕ░рїАрЅБрЅИрІЇ рЅђріЊрЅхрЇБ 

- рІерЅ░рѕЏрѕфрІјрЅй рѕЮрѕерЅЃ рЅарІЊрѕЇрЇБ

- рІерѕфрѕюрІ▓рІФрѕЇ рЇѕрЅ░ріЊ рІЇрїцрЅх ріарІФрІФрІЮ рЅарЅ░рѕўрѕѕріерЅ░ рЅЁрІФрѕф рѕўрІ░рѕерїЅріЋ рѕѕрѕЂрѕЅрѕЮ рІерѕўріЋрїЇрѕхрЅх рІЕріњрЅерѕГрѕхрЅ▓рІјрЅйрЇБ рѕѕрѕЂрѕЅрѕЮ рІерїЇрѕЇ ріерЇЇрЅ░ріЏ рЅхрѕЮрѕЁрѕГрЅх рЅ░рЅІрѕЏрЅхрЇБ рѕѕрѕЂрѕЅрѕЮ рІеріГрѕЇрѕЇ рЅхрѕЮрѕЁрѕГрЅх рЅбрѕ«рІјрЅй рЅарЇЃрЇѕрІЇ рІ░рЅЦрІ│рЅц рїѕрѕЇрї┐рѕЇрЇб

рЅ▓ріГрЅФрѕЁ рібрЅхрІ«рїхрІФ рЅарібрЇїрІ┤рѕф рЅхрѕЮрѕЁрѕГрЅх рѕџріњрѕхрЅ┤рѕГ рѕџріњрѕхрЅхрѕГ рЇЋрѕ«рЇїрѕ░рѕГ рЅЦрѕГрѕЃріЉ ріљрїІ рЅ░рЇѕрѕГрѕъ рІерЅ░рѕІріерІЇріЋ рІ░рЅЦрІ│рЅц #рЅхріГріГрѕѕріЮріљрЅх ріерѕџрѕўрѕѕріерЅ│рЅИрІЇ ріаріФрѕІрЅх ріарѕерїІрїЇрїДрѕЇрЇб

рЅарІџрѕЁрѕЮ рЇд

- рЅа2014 рІЊ/рѕЮ рІе12ріЏ ріГрЇЇрѕЇ ріарїаріЊрЅђрІЇ рЇѕрЅ░ріЊ рЅарѕўрІЇрѕ░рІх рЅарѕЇрІЕ рѕЂріћрЅ│ рІерѕгрѕюрІ▓рІФрѕЇ рЇЋрѕ«рїЇрѕФрѕЮ рЅ░рїарЅЃрѕџ рѕѕрѕєріЉ рЅ░рѕЏрѕфрІјрЅй рѕѕріаріЋрІх рѕ┤рѕџрѕхрЅ░рѕГ рІерЅ░рѕ░рїарІЇ рЅхрѕЮрѕЁрѕГрЅх рЅарѕЏрІЋріерѕЇ рІерїІрѕФ рЇѕрЅ░ріЊ рЅ░рІўрїІрїЁрЅХ рѕѕрЅ░рЅІрѕЏрЅх ріЦріЋрІ▓рѕІріГ рЇц рЅ░рЅІрѕЏрЅх рЇірЅ░ріЊрІЇріЋ рІерѕЏрѕхрЅ░рІ│рІ░рѕГ рІЇрїцрЅх рІерѕўрїЇрѕѕрЇЁріЊ рЅа2016 рЇЇрѕгрѕйрѕЏріЋ рЇЋрѕ«рїЇрѕФрѕЮ рѕѕрѕўріерЅ│рЅ░рѕЇ рЅЦрЅЂ рѕєріљрІЇ рІерЅ░рїѕріЎрЅх (рѕЏрѕѕрЅхрѕЮ рЅарЅ░рЅІрѕЏрЅх рІерІЇрѕхрїЦ рЇѕрЅ░ріЊ 30 ріерѕўрЅХрЇБ #рЅарѕЏрІЋріерѕЇ рІерЅ░рІўрїІрїђрІЇ рЇѕрЅ░ріЊ 70 ріерѕўрЅХ) рЅ░рІ░рѕЮрѕ« рЅарІхрѕЮрѕЕ 50 ріерѕўрЅХріЊ ріерІџрІФ рЅарѕІрІГ рІФрѕхрѕўрІўрїѕрЅАрЅ▒ріЋ ріЦріЋрІ▓рІФрѕ│рІѕрЅЂрЇБ рІГрѕЁ ріарїарЅЃрѕІрІГ рѕѓрІ░рЅх ріЦрѕхріе рѕ░ріћ 30 рЅђріЋ рІхрѕерѕх ріЦріЋрІ▓рїаріЊрЅђрЅЁ рЅхрѕЮрѕЁрѕГрЅх рѕџріњрѕхрЅ┤рѕГ ріарЅЁрїБрїФ ріарѕхрЅђрѕЮрїДрѕЇрЇб

- рЅа2015 рІЊ/рѕЮ рІерѕўрІЇрїФ рЇѕрЅ░ріЊ рѕѕрѕўрІЇрѕ░рІх рІерЅ░рѕўрІўрїѕрЅА рЅарїЇрѕЇріЊ рЅарѕўріЋрїЇрѕхрЅх рЅ░рЅІрѕЏрЅх рІерѕџрїѕріЎ ріЦрїЕ рѕЮрѕЕрЅЃріЋріЊ рЅБрѕѕрЇЅрЅх рІЊрѕўрЅ│рЅх рІерѕЁрїЇ рѕўрІЇрїФ рЇѕрЅ░ріЊ рІѕрѕхрІ░рІЇ рІерѕЏрѕѕрЇірІФ рІЇрїцрЅх рІФрѕІрѕхрѕўрІўрїѕрЅАрЅх рЅ░рѕЏрѕфрІјрЅй рІерѕўріЋрїЇрѕхрЅх рІЕріњрЅерѕГрѕхрЅ▓рІјрЅй рІерѕўрЇѕрЅ░ріЏ рѕЏріЦріерѕІрЅх рІЇрѕхрїЦ рЇѕрЅ░ріЊрІЇ ріерѕљрѕЮрѕї 3 ріЦрѕхріе 8 рЅБрѕЅрЅх рЅђріЊрЅх рЅ░рѕ░рїЦрЅХ рІЇрїцрЅх рѕљрѕЮрѕї 10 рЅђріЋ рІерѕџрїѕрѕЇрїй рІГрѕєріЊрѕЇ рЅ░рЅЦрѕЈрѕЇрЇб

- рІерЅ░рѕЏрѕфрІјрЅйріЋ рѕЮрѕерЅЃ рЅарЅ░рѕўрѕѕріерЅ░ ріерѕљрѕЮрѕї 11 ріЦрѕхріе рѕљрѕЮрѕї 16 рЅђріЋ рЅБрѕЅрЅх рЅђріЊрЅх рІЇрѕхрїЦ рѕЏріФрѕёрІх рІерѕџрЅ╗рѕЇ рѕўрѕєріЉріЋ рЅхрѕЮрѕЁрѕГрЅх рѕџріњрѕхрЅ┤рѕГ рІерїѕрѕѕрЇђ рѕ▓рѕєріЋ рЅарѕўрѕГрѕЃ-рїЇрЅЦрѕЕ рѕІрІГ рІерѕџрѕ│рЅ░рЇЅрЅх рІерѕўрІЇрїФ рЇѕрЅ░ріЊрІЇріЋ рІФрѕѕрЇЅ рЅ░рѕЏрѕфрІјрЅй #рЅЦрЅ╗ ріЊрЅИрІЇ рЅЦрѕЈрѕЇрЇб

- рІе2015 рІе12ріЏ ріерЇЇрѕЇ рѕЏрїарЅЃрѕѕрІФ рЇѕрЅ░ріЊ ріерѕљрѕЮрѕї 19 ріЦрѕхріе 30 рІерѕџрѕ░рїЦ рѕєріќ рІерѕўріЋрїЇрѕхрЅх рІЕріњрЅерѕГрѕхрЅ▓рІјрЅй ріерѕљрѕЮрѕї 16 рЅђріЋ рїђрѕЮрѕ« рѕѕрІџрѕЂ рѕЦрѕФ рЅЦрЅ╗ рІЮрїЇрїЂ ріЦріЋрІ▓рѕєріЉ рЅхрѕЮрѕЁрѕГрЅх рѕџріњрѕхрЅ┤рѕГ ріарЅЁрїБрїФ ріарѕхрЅђрѕЮрїДрѕЇрЇб

(рЅ▓ріГрЅФрѕЁ рібрЅхрІ«рїхрІФ ріерѕџрѕўрѕѕріерЅ░рІЇ рІерЅхрѕЮрѕЁрѕГрЅх рѕџріњрѕхрЅ┤рѕГ ріаріФрѕЇ рЅхріГріГрѕѕріЮріљрЅ▒ріЋ рІФрѕерїІрїѕрїарІЇ рІ░рЅЦрІ│рЅц ріерѕІрІГ рЅ░рІФрІГрІЪрѕЇ)

@tikvahethiopia",2023-06-02 06:42:13+00:00
77,,2023-06-02 06:42:13+00:00
78,"#ріарЅбрѕ▓ріЋрІФ_рЅБріЋріГ

рЅБрѕѕрІЇрѕѕрЅ│рІјрЅй !

рЅБріЋріФрЅйріЋ ріе50 ріарѕўрЅх рЅарѕІрІГ рѕѕрѕєріЊрЅИрІЇ рїЇрѕѕрѕ░рЅдрЅй рІФрІўрїІрїђрІЇ рѕЇрІЕ рІерЅЂрїарЅБ рѕѓрѕ│рЅЦ рѕ▓рѕєріЋ ріерѕўрІ░рЅаріЏрІЇ рІерЅЂрїарЅБ рѕѓрѕ│рЅЦ ріерЇЇ рІФрѕѕ рІерІѕрѕѕрІх рѕўрїаріЋ рІерѕџрІФрѕхрїѕріЮ ріЦріЊ ріерЅ░рѕѕрІФрІЕ рІеріарїѕрѕЇрїЇрѕјрЅх ріГрЇЇрІФрІјрЅй рѕІрІГ рЅЁріЊрѕй рІерѕџрІФрїѕріЎрЅарЅх ріљрІЇрЇАрЇА рѕѕрЅарѕѕрїа рѕўрѕерїЃ рІхрѕе-рїѕрЇЃрЅйріЋріЋ рІГрїјрЅЦріЎрЇАрЇА

https://www.bankofabyssinia.com/saving-account/

#BankofAbyssinia  #BankingService #SeniorCitzens #WisdomAccount #Savings",2023-06-02 06:41:52+00:00
79,"#AddisAbaba

рІеріарІ▓рѕх ріарЅарЅБ ріерЅ░рѕЏ ріЦрѕхрѕЇрѕЮріЊ рїЅрІ│рІ«рЅй ріерЇЇрЅ░ріЏ рѕЮріГрѕГ рЅцрЅх рІЏрѕг рЅБрѕ░рѕФрїерІЇ рѕўрѕЇрІЋріГрЅх рЇц рІеріерЅ░рѕЏрІЇ рѕЁрІЮрЅа рѕЎрѕхрѕірѕЮ рІеріљрїѕріЋ #рїЂрѕўріа рЅарѕ░рѕІрѕЮ ріЦріЋрІ▓рІФрѕ│рѕЇрЇЇ рїЦрѕф ріарЅЁрѕГрЅДрѕЇрЇб

рѕЮріГрѕГ рЅцрЅ▒ рЅарідрѕ«рѕџрІФ рЅЦрѕћрѕФрІі ріГрѕЇрѕІрІі рѕўріЋрїЇрѕхрЅх рЅарѕИрїѕрѕГ ріерЅ░рѕЏ (рѕ▓рЅ▓) рІерѕўрѕхрїЁрІх рЇѕрѕерѕ│ рїІрѕГ рЅарЅ░рІФрІФрІў рѕЏрѕЁрЅарѕерѕ░рЅА рІФрЅђрѕерЅарІЇріЋ рѕЁрїѕ рѕўріЋрїЇрѕхрЅ│рІі рІерѕўрЅЦрЅх рїЦрІФрЅёрІјрЅй рѕЏрѕѕрЅхрѕЮ рІерѕўрѕхрїЁрІх рЇѕрѕерѕ│рІЇ рѕЎрѕЅ рЅарѕЎрѕЅ ріЦріЋрІ▓рЅєрѕЮ рЇБ рІерЇѕрѕерѕ▒ рѕўрѕхрїЁрІХрЅйрѕЮ рІѕрІ░ рЅђрІхрѕърІЇ рЅдрЅ│рЅИрІЇ ріЦріЋрІ▓рѕўрѕѕрѕх рѕўрїЁрѕірѕх рІўрїаріЮ ріарЅБрѕІрЅх рІФрѕЅрЅх рі«рѕџрЅ┤ рЅарѕЏрЅІрЅІрѕЮ рЅарїЅрІ│рІЕ рІЎрѕфрІФ рЅарЅ░рѕѕрІФрІЕ рІ░рѕерїЃрІјрЅй ріерѕџрїѕріЎ рІерѕўріЋрїЇрѕхрЅх ріаріФрѕІрЅх рїІрѕГ рІЇрІГрІГрЅх ріЦрІФрІ░рѕерїѕ рІГрїѕріЏрѕЇ рЅЦрѕЈрѕЇрЇб

"" рѕўріЋрїЇрѕхрЅхрѕЮ рІерЇЇрЅхрѕЁріЋ рѕўрїЊрІ░рѕЇ рІерїЦрІФрЅёрІЇріЋ ріарѕ│рѕ│рЅбріљрЅхрЇБ рЅарѕИрїѕрѕГ рѕ▓рЅ▓ ріарѕхрЅ░рІ│рІ░рѕГ рЅарІЇрІГрІГрЅх рѕІрІГ рІФрѕЇрЅ░рѕўрѕ░рѕерЅ░ріЋ ріаріФрѕёрІхріЋ ріерїЇріЋрІЏрЅц рЅарѕЏрѕхрїѕрЅБрЅх рѕѕрЅ░ріерѕ░рЅ░рІЇ рІерѕўрЅЦрЅх рїЦрѕ░рЅх рЇЇрЅхрѕЁ рІерѕЏрѕхрЇѕріЋ рѕџріЊрІЇріЋ рЅаріарЇІрїБріЮ ріЦріЋрІ░рѕџрІѕрїБ┬арЅ░рѕхрЇІ ріЦріЊрІ░рѕГрїІрѕѕріЋ "" рІФрѕѕрІЇ рѕЮріГрѕГ рЅцрЅ▒ рѕЁрІЮрЅА рі«рѕџрЅ┤рІЇ рІерІ░рѕерѕ░рЅарЅхріЋ ріЦрѕхріфрІФрѕ│рІЇрЅЁ рІхрѕерѕх┬а рІЇрїцрЅ▒ріЋ рЅарЅхріЦрїЇрѕхрЅхріЊ рЅарІ▒ріа ріЦріЋрІ▓рїарЅБрЅарЅЁ┬а рїЦрѕф ріарЅЁрѕГрЅДрѕЇрЇб

рІеріљрїѕ рІерїЂрѕўріа рѕ░рѕІрЅх рѕўрѕІрІЇ рІеріерЅ░рѕЏрІЇ рѕЎрѕхрѕірѕЮ рЅарѕЂрѕЅрѕЮ рѕўрѕхрїЁрІХрЅй рЅарѕ░рѕІрѕЮ рѕ░рїЇрІХ рІѕрІ░ рЅцрЅ▒ рЅарѕ░рѕІрѕЮ ріЦріЋрІ▓рѕўрѕѕрѕх рїЦрѕф рІерЅђрѕерЅа рѕ▓рѕєріЋ рЅаріерЅ░рѕЏрІЇ рІерѕџрїѕріЎ рібрѕЏрѕърЅй рЅарѕ░рѕІрѕЮріЊ рЅарЅхріЦрїЇрѕхрЅх рІЎрѕфрІФ рІерїЂрѕўріа рі╣рїЦрЅБ ріЦріЋрІ▓рІФрІ░рѕГрїЅ рѕЏрѕ│рѕхрЅбрІФ рЅ░рѕІрѕЇрЇЈрѕЇрЇб

рѕўріЋрїЇрѕхрЅхрѕЮ рїЅрІ│рІЕріЋ рЅарЇЇрїЦріљрЅх ріЦрѕЇрЅБрЅх ріЦріЋрІ▓рѕ░рїЦ ріЦріЊ ріерїЅрІ│рІЕ рїІрѕГ рЅарЅ░рІФрІФрІў рЅаріЦрѕхрѕГ рѕІрІГ рІерѕџрїѕріЎ рІюрїјрЅйріЋ ріеріЦрѕхрѕГ ріЦріЋрІ▓рѕѕрЅЁ рѕЮріГрѕГ рЅцрЅ▒ ріарїЦрЅЦрЅє рїарІГрЅІрѕЇрЇб

рЅБрѕѕрЇѕрІЇ рѕ│рѕЮріЋрЅх рїЂрѕўріа рЅарѕИрїѕрѕГ ріерЅ░рѕЏ ріарѕхрЅ░рІ│рІ░рѕГ ріерѕџрІ░рѕерїѕрІЇ рІерѕўрѕхрїѓрІх рЇѕрѕерѕ│ рїІрѕГ рЅарЅ░рІФрІФрІў рѕЮрІЋрѕўріЊріЋ рІерЅ░рЅЃрІЇрѕъ рѕ░рѕЇрЇЇ рѕЏрІхрѕерїІрЅИрІЇ рЇц рІерѕЮрІЋрѕўріЊріЋ рѕЁрІГрІѕрЅх рѕЏрѕѕрЇЅ рЇБ рїЅрІ│рЅхрѕЮ рѕўрІхрѕерѕ▒ рІерѕџрІўріљрїІ ріарІГрІ░рѕѕрѕЮрЇб

(рѕЎрѕЅ рѕўрѕЇрІЋріГрЅ▒ ріерѕІрІГ рЅ░рІФрІГрІЪрѕЇ)

@tikvahethiopia",2023-06-01 19:27:05+00:00
80,,2023-06-01 19:27:05+00:00
81,"#EOTC

рІерібрЅхрІ«рїхрІФ рідрѕГрЅХрІХріГрѕх рЅ░рІІрѕЋрІХ рЅцрЅ░ріГрѕГрѕхрЅ▓рІФріЋ рЇц рЅарІ░рЅЦрѕе ріцрѕЇрІФрѕх рЅЦрѕћрѕе рЅЦрЇЂрІЊріЋ рѕўрѕЇріГрІЊ рѕЦрѕІрѕ┤ ріаріЋрІхріљрЅх рїѕрІ│рѕЮ рЅ░рЇѕрїИрѕў рІерЅ░рЅБрѕѕрІЇріЋ рЅйрїЇрѕГ рЅарЅ░рѕўрѕѕріерЅ░ рЅарІЮрѕГрІЮрѕГ┬а рІерѕЏрїБрѕФрЅх рѕЦрѕФ ріЦрІерЅ░ріеріЊрІѕріљ рѕўрѕєріЉріЋ рІЏрѕг рѕЮрѕйрЅх ріарѕхрЅ│рІѕрЅђрЅйрЇб

рІерѕўріЋрЅарѕе рЇЊрЅхрѕГрІФрѕГріГ рїарЅЁрѕІрІГ рїй/ рЅцрЅх рїѕрІ│рѕЏрЅх ріарѕхрЅ░рІ│рІ░рѕГ рѕўрѕЮрѕфрІФ ріерѕђрїѕрѕе рѕхрЅЦріерЅ▒ рїйрѕЋрЇѕрЅх рЅцрЅх рїІрѕГ рЅарѕўрїѕріЊріўрЅх рЅарїѕрІ│рѕЎ рЅ░рЇѕрїИрѕў рІерЅ░рЅБрѕѕрІЇріЋ рЅйрїЇрѕГ рЅарЅ░рѕўрѕѕріерЅ░ рЅарІЮрѕГрІЮрѕГ рІерѕЏрїБрѕФрЅх рѕЦрѕФ ріЦрІФріеріЊрІѕріљ ріЦріЋрІ░рѕџрїѕріЮ рІерѕўріЋрЅарѕе рЇЊрЅхрѕГрІФрѕГріГ рїарЅЁрѕІрІГ рїйрѕЋрЇѕрЅх рЅцрЅх ріарѕ│рІЇрЅІрѕЇрЇб

рЇЁ/рЅцрЅ▒ рЅарѕЏрІЋріерѕЇ рІ░рѕерїЃ ріерѕџрѕўрѕѕріерЅ│рЅИрІЇ ріаріФрѕІрЅх рїІрѕГ рЅарѕўріљрїІрїѕрѕГ рѕІрІГ ріЦріЋрІ░рѕџрїѕріЮрѕЮ рїѕрѕЇрї┐рѕЇрЇб

рІЮрѕГрІЮрѕГ рѕЂріћрЅ│рІЇ рЅарѕџрїѕрЅБ рЅ░рїБрѕГрЅХ рІерЅ░рІ░рѕерѕ░рЅарЅх рІерѕЏрїБрѕФрЅх #рІЇрїцрЅх┬а ріЦрІЇріљрЅ│рІЇріЋ рЅарѕџрїѕрЅБ рЅарѕџрІФрѕ│рІГ рѕўрѕЇріЕ рЅарЅцрЅ░ріГрѕГрѕхрЅ▓рІФріЌ рѕЏрІЋріерѕІрІі ріарѕхрЅ░рІ│рІ░рѕГ рІерѕџрїѕрѕѕрїй рІГрѕєріЊрѕЇ рЅ░рЅЦрѕЈрѕЇрЇб

рЅарѕїрѕІ рЅаріЕрѕЇ рЇЁ/рЅцрЅ▒ рЇц рЅаріарѕГрѕ▓ рѕђрїѕрѕе рѕхрЅЦріерЅх рЅарїбрІ« рІѕрѕерІ│ рЅарїерЇї рѕџрѕХрѕЏ рЅђрЅарѕї рїѕрЅарѕг рѕЏріђрЅарѕГ рЅарІ┤рѕФ ріарѕЏріЉріцрѕЇ ріарїЦрЅбрІФ рЅцрЅ░ріГрѕГрѕхрЅ▓рІФріЋ рїЇріЋрЅдрЅх 20 рЅђріЋ 2015 рІЊ.рѕЮ рѕЮрѕйрЅх рѕІрІГ рЅарідрѕГрЅХрІХріГрѕ│рІЇрІФріЋ рѕІрІГ рІ░рѕерѕ░ рЅ░рЅЦрѕј рЅарЅ░рѕѕрІФрІЕ рІерѕўрїѕріЊріЏ ріарІЇрЅ│рѕ«рЅй рІерЅ░рїѕрѕѕрїИрІЇріЋ рїЦрЅЃрЅх рЅарЅ░рѕўрѕѕріерЅ░ рЅЁрІхрѕхрЅх рідрѕГрЅХрІХріГрѕ│рІірЅх рЅцрЅ░ріГрѕГрѕхрЅ▓рІФріЋ рїЦрѕЇрЅЁ рѕљрІўріЋ ріЦріЋрІ░рѕ░рЅ░рѕЏрЅх рїѕрѕЇрї┐рѕЇрЇб

рЅарѕђрїѕрѕе рѕхрЅЦріерЅ▒ рЅаріЕрѕЇ рЅ░рїБрѕГрЅХ рЅарѕџрЅђрѕГрЅђрІЇ рѕўрѕерїЃ рѕўрѕ░рѕерЅх рїЅрІ│рІЕріЋ┬а рЅарѕЁрїЇ ріарїЇрЅБрЅЦ┬а рІерѕЮрЅхріерЅ│рЅ░рѕѕрІЇ рѕўрѕєріЉріЋ рІерѕўріЋрЅарѕе рЇЊрЅхрѕГрІФрѕГріГ рїарЅЁрѕІрІГ рїйрѕЋрЇѕрЅх рЅцрЅх ріарѕ│рІЇрЅІрѕЇрЇб

@tikvahethiopia",2023-06-01 18:18:37+00:00
82,,2023-06-01 18:18:37+00:00
83,"#AddisAbaba

рЅаріарІ▓рѕх ріарЅарЅБ ріерЅ░рѕЏ рЅарЅ░рѕўрѕерїА рІерѕўріЋрїЇрѕхрЅх рѕўрѕхрѕфрІФ рЅцрЅХрЅй #рЅЁрІ│рѕю ріЦріЊ #ріЦрѕЂрІхріЋ рїерѕЮрѕ« #рЅарЅарІЊрѕІрЅх рЅђріЊрЅх рѕўрѕхрѕФрЅх рїЇрІ┤рЅ│ рѕірІ░рѕерїЇ рѕўрѕєріЉріЋ рЅ░рІўрїЇрЅДрѕЇрЇб

рібрЅхрІ« ріцрЇЇ ріцрѕЮ 107.8 рѕгрІхрІ« рЇц рЅарѕЮріГрЅхрѕЇ ріеріЋрЅ▓рЅБ рѕЏрІЋрѕерїЇ рІеріарІ▓рѕх ріарЅарЅБ ріерЅ░рѕЏ ріарѕхрЅ░рІ│рІ░рѕГ рІІріЊ рѕхрѕФ ріарѕхріфрІФрїЁ ріарЅХ рїЦрѕФрЅ▒ рЅарІеріљ рЇц "" рІеріарїѕрѕЇрїЇрѕјрЅх рѕўрѕхрїФ рїірІюріЋ рЅарЅ░рѕўрѕѕріерЅ░ ріарІ▓рѕх ріарЅарЅБ рѕІрІГ рІерЅ░рѕѕрІе рЅхріЕрѕерЅх рІГрЇѕрѕЇрїІрѕЇ рІерѕџрѕЇ ріЦрѕЮріљрЅх ріарѕѕріЋ  "" рѕЏрѕѕрЅ│рЅИрІЇріЋ рІўрїЇрЅДрѕЇрЇб

рЅаріерЅ░рѕЏрІЇ рІе24 рѕ░рІЊрЅх ріарїѕрѕЇрїЇрѕјрЅх рѕўрѕхрїарЅх рІерѕџрІФрѕхрЅйрѕЇ ріарЅЁрѕЮ рѕўрЇѕрїарѕГ ріарѕѕрЅарЅх рЅЦрѕѕрІІрѕЇрЇб

ріарЅХ рїЦрѕФрЅ▒ рІерЅЁрІ│рѕю ріЦріЊ ріЦрѕЂрІх ріЦріЋрІ▓рѕЂрѕЮ рІерЅарІЊрѕІрЅх рЅђріЋ ріарїѕрѕЇрїЇрѕјрЅх рЅаріарѕ░рѕФрѕГ рЅ░рІўрѕГрїЇрЅХ рѕўрЅ░рїЇрЅарѕГ ріарѕѕрЅарЅх рѕ▓рѕЅ ріарѕхрїѕріЋрІЮрЅарІІрѕЇрЇб

ріЦріЋрІ░ ріерЅ░рѕЏ ріарѕхрЅ░рІ│рІ░рѕГ ріерѕўрІ░рЅаріЏрІЅ 8 рѕ░рІЊрЅх рЅ░рїерѕЏрѕф рѕўрѕхрѕФрЅх рІФрѕѕрЅБрЅИрІЅ рѕўрѕхрѕфрІФ рЅцрЅХрЅй рІерЅхріърЅ╣ ріЊрЅИрІЅ ? рІерѕџрѕѕрІЅ рѕІрІГ рїЦріЊрЅх ріЦрІерЅ░рІ░рѕерїѕ рѕўрѕєріЉріЋ ріарѕ│рІЇрЅђрІІрѕЇрЇб

рЅаріерЅ░рѕЏрІІ рЅБрѕѕрІЅ рІерЅхрѕФріЋрѕхрЇќрѕГрЅх рѕўрїеріЊріљрЅЁ ріЦріЊ рЅарЅ░рѕѕрІФрІЕ рїЅрІ│рІ«рЅй рѕ░рѕФрЅ░ріЏрІЅ рЅбрѕ« рїѕрЅЦрЅХ рІерѕџрѕ░рѕФрЅарЅх рѕ░рІЊрЅх рІЅрѕхріЋ рЅарѕўрѕєріЉ рѕ░рІЅ рѕЏрїЇріўрЅх рІФрѕѕрЅарЅхріЋ рЅ░рїѕрЅбрІЅріЋ ріарїѕрѕЇрїЇрѕјрЅх ріЦріЋрІ▓рІФрїѕріЮ рѕѕрѕЏрІхрѕерїЇ рІе24 рѕ░рІЊрЅх ріарїѕрѕЇрїЇрѕјрЅх рѕўрѕхрїарЅх рѕўрїђрѕўрѕГ ріарѕхрЇѕрѕІрїі рѕўрѕєріЉріЋ рѕЏріЋрѕ│рЅ│рЅИрІЇріЋ рІерѕгрІхрІ« рїБрЅбрІФрІЇ рІўрїѕрЅБ рІФрѕ│рІФрѕЇрЇб

@tikvahethiopia",2023-06-01 16:44:42+00:00
84,,2023-06-01 16:44:42+00:00
85,"рЇђрїІ рІѕрІ░ рЅцрЅ░рѕ░рЅдрЅ┐ рЅЦрЅхрѕўрѕѕрѕхрѕЮ ріарїІрЅ┐ рїЇріЋ ріарѕЇрЅ░рІФрІўрѕЮрЇб

рЇђрїІ рЅарѕІрЅИрІЇ ріерЅђріЊрЅх рЅаріЃрѕІ ріерЅ│рїѕрЅ░рЅйрЅарЅх ріљрЇЃ рІѕрїЦрЅ│ ріерЅцрЅ░рѕ░рЅдрЅ┐ рїІрѕГ рѕўрЅђрѕІрЅђрѕЈріЋ рѕѕрѕЏрІѕрЅЁ рЅ░рЅйрѕЈрѕЇрЇб

рІерЅЁрѕГрЅЦ рЅцрЅ░рѕ░рЅД ріЦріЋрІ░рѕєріЉ рІерїѕрѕѕрЇЂрѕЇріЋ рІерЅ▓ріГрЅФрѕЁ рЅцрЅ░рѕ░рЅЦ ріарЅБрѕЇ рЇц рЇђрїІ рЅарѕІрЅИрІЇ рЅарѕЁрІГрІѕрЅх рѕўрїѕріўрЅиріЋ ріЦріЊ ріерЅцрЅ░рѕ░рЅдрЅ┐ рїІрѕГ рѕўрЅђрѕІрЅђрѕЈріЋ рЅарѕўрїЇрѕѕрЇЁ рІхрѕЮрЇЁ рѕѕрѕєріЉ рѕѕрѕўрѕІрІЇ рІерібрЅхрІ«рїхрІФ рѕЁрІЮрЅЦ ріЦріЊ рѕѕрѕЏрѕЁрЅарѕФрІі рѕџрІ▓рІФрІјрЅй рѕЮрѕхрїІріЊ ріарЅЁрѕГрЅарІІрѕЇрЇб

рІерЇђрїІ рЅарѕІрЅИрІЇріЋ ріљрЇЃ рѕўрѕєріЋ рІеріерЅ░рѕЏрІЇ ріарѕхрЅ░рІ│рІ░рѕГрѕЮ рѕЏрѕерїІрїѕрїФ рѕ░рїЦрЅирѕЇрЇб

рІеріерЅ░рѕЏрІЇ ріеріЋрЅ▓рЅБ рѕе/рЇЋрѕ«рЇїрѕ░рѕГ рЇђрїІрІг рЅ▒ріг рЇц рЅарЅ░рЅђріЊрїђ рідрЇЋрѕгрѕйріЋ ріљрЇЃ рІѕрїЦрЅ│ рІѕрІ░ рѕђрІІрѕ│ рЅарѕ░рѕІрѕЮ рїѕрЅЦрЅ│рѕѕрЅй рЅЦрѕѕрІІрѕЇрЇб

ріеріЋрЅ▓рЅБрІЇ рЇђрїІ рЅарѕІрЅИрІЇріЋ рІФрЇѕріЊрЅх рЅ░рїарѕГрїБрѕф рїЇрѕѕрѕ░рЅЦ ріарѕѕрѕўрІФрІЎріЋ ріарѕўрѕЇріГрЅ░рІЇ рЇц рїЇрѕѕрѕ░рЅАріЋ рЅарЅЂрїЦрїЦрѕГ рѕхрѕГ рѕѕрѕЏрІІрѕЇ рІерЇђрїЦрЅ│ ріЃрІГрѕјрЅй рѕГрЅЦрѕГрЅЦ ріЦрІФрІ░рѕерїЅ ріљрІЇ рЅЦрѕѕрІІрѕЇрЇб

рїЇрѕѕрѕ░рЅА рЅ░рІГрІъ рѕѕрЇЇрѕГрІх ріЦріЋрІ░рѕџрЅђрѕГрЅЦ ріЦрѕЮріљрЅ│рЅИрІЇ рѕўрѕєріЉріЋ рїѕрѕЇрїИрІІрѕЇрЇб

рІерѕ▓рІ│рѕЏ рѕ░рѕІрѕЮ ріЦріЊ рЇђрїЦрЅ│ рЅбрѕ« рЅарѕ░рїарІЇ рѕўрїЇрѕѕрїФ рІ░рїЇрѕъ рЅ░рїарѕГрїБрѕфрІЇ рїЇрѕѕрѕ░рЅЦ рІѕрІ░ #рїФріФ рѕўрїЇрЅБрЅ▒ рЅарѕўрїЇрѕѕрЇЁ рѕѕрѕўрІФрІЮ ріГрЅхрЅхрѕЇ ріЦрІерЅ░рІ░рѕерїѕ ріљрІЇ рЅЦрѕЈрѕЇрЇб

рЇђрїІ рЅарѕІрЅИрІЇ рЇц рїЇріЋрЅдрЅх 15 рЅђріЋ 2015 ріерѕхрѕФ рѕхрЅхрІѕрїБ рЅарІѕрЅЁрЅ▒ рІеріерЅ░рѕЏрІЇ ріеріЋрЅ▓рЅБ рІерїЇрѕЇ рїарЅБрЅѓ рЅаріљрЅарѕерІЇ рїЇрѕѕрѕ░рЅЦ рі«ріЋрѕхрЅ│рЅЦрѕЇ рІеріЃрѕІрѕўрЅЦрѕФрЅх рІѕ/рѕЏрѕГрІФрѕЮ рЅарѕўріфріЊ рЅ│рїЇрЅ│ рѕўрІѕрѕ░рІиріЊ ріарІхрѕФрѕ╗рІІрѕЮ рѕ│рІГрЅ│рІѕрЅЁ рЅарѕўрЅЁрѕерЅ▒ рЅцрЅ░рѕ░рЅдрЅйріЋ ріерЇЇрЅ░ріЏ рїГріЋрЅђрЅх рѕІрІГ рїЦрѕј ріљрЅарѕГрЇб

@tikvahethiopia",2023-06-01 16:25:45+00:00
86,,2023-06-01 16:25:45+00:00
87,"#Update

"" рІерідрѕ«рѕџрІФ рѕўріЋрїЇрѕхрЅх рі«рѕџріњрігрѕйріЋ рЅбрѕ« рІФрІѕрїБрІЇріЋ рѕўрїЇрѕѕрїФ рЇЇрЇЂрѕЮ рѕЎрѕхрѕірѕЎріЋ рѕЏрѕЁрЅарѕерѕ░рЅЦ рІерѕЏрІГрѕўрїЦріЋ рѕхрѕѕрѕєріљ ріаріЋрЅђрЅарѕѕрІЇрѕЮ "" - рїарЅЁрѕІрІГ рѕЮріГрѕГ рЅцрЅ▒

рІерібрЅхрІ«рїхрІФ ріЦрѕхрѕЇрѕЮріЊ рїЅрІ│рІ«рЅй рїарЅЁрѕІрІГ рѕЮ/рЅцрЅх рІѕрЅЁрЅ│рІі рїЅрІ│рІГріЋ ріарѕхрѕўрѕЇріГрЅХ рІЏрѕг рѕўрїЇрѕѕрїФ рѕ░рїЦрЅирѕЇрЇб

рѕЮ/рЅцрЅ▒ рЅарідрѕ«рѕџрІФ ріГрѕЇрѕІрІі рѕўріЋрїЇрѕхрЅх рЅарѕИрїѕрѕГ ріерЅ░рѕЏ ріарѕхрЅ░рІ│рІ░рѕГ рІерЇѕрѕерѕ▒ 19 рѕўрѕхрїѓрІХрЅй ріарѕхрѕўрѕЇріГрЅХ рїЇріЋрЅдрЅх 19/2015 рЅБрІ░рѕерїѕрІЇ ріарѕхрЅИрі│рІГ рѕхрЅЦрѕ░рЅБ рЅарїЅрІ│рІЕ рІЎрѕфрІФ рЅарѕ░рЇірІЇ рЅарѕўрІѕрІФрІерЅх рІЇрѕ│ріћ рѕЏрѕхрЅ░рѕІрѕѕрЇЅріЋ ріарѕхрЅ│рІЇрѕирѕЇрЇб

ріерІЇрѕ│ріћрІјрЅ╣ ріаріЋрІ▒ рІеріљрЅарѕерІЇ ріерЇї/ріЦ/рїЅ/рїа/рѕЮ/рЅцрЅх рЇБріерідрѕ«рѕџрІФ ріЦ/рїЅ/ріе/рѕЮ/рЅцрЅх ріЦріЊ ріеріарІ▓рѕх ріарЅарЅБ ріЦ/рїЅ/ріе/рѕЮ/рЅцрЅх рІерЅ░рІЇрїБрїА 9 рІЊрЅБрѕІрЅх рІФрѕЅрЅх рі«рѕџрЅ┤ рѕЏрІІрЅђрѕГ рѕ▓рѕєріЋ рїарЅЁрѕІрІГ рѕЮ/рЅцрЅ▒ рЅарЅ░рІІрЅђрѕерІЇ рі«рѕџрЅ┤ ріарѕЏріФріЮріљрЅх ріерЇїрІ░рѕФрѕЇ рѕўріЋрїЇрѕхрЅх ріерЇЇрЅ░ріЏ ріарѕўрѕФрѕ«рЅй рїІрѕГ рЅарЅ░рїаріЊріерѕе рѕЂріћрЅ│ ріЦрІерЅ░рІѕрІФрІе рѕўрѕєріЉріЋ рѕѕрѕЁрІЮрЅа рѕЎрѕхрѕірѕЎ ріарѕхрїѕрІЮріЋрЅДрѕЇрЇб

рѕЁрІЮрЅа рѕЎрѕхрѕірѕЎ рЇц рІерЅ░рїђрѕўрѕерІЇ рІЇрІГрІГрЅх ріЦрѕЇрЅБрЅх ріЦрѕхріерѕџрІФрїѕріЮ рЅарЅхріЦрїЇрѕхрЅх ріЦріЋрІ▓рїарЅБрЅарЅЁ рїЦрѕф рЅђрѕГрЅДрѕЇрЇб

рїарЅЁрѕІрІГ рѕЮріГрѕГ рЅцрЅ▒ рЇц ріерЅђріЊрЅх рЅарЇірЅх рІерідрѕ«рѕџрІФ рѕўріЋрїЇрѕхрЅх рі«рѕџріњрігрѕйріЋ рЅбрѕ« рІФрІѕрїБрІЇріЋ рѕўрїЇрѕѕрїФ рЇЇрЇЂрѕЮ рѕЎрѕхрѕірѕЎріЋ рѕЏрѕЁрЅарѕерѕ░рЅЦ рІерѕЏрІГрѕўрїЦріЋ рѕхрѕѕрѕєріљ ріЦріЋрІ░рѕЏрІГрЅђрЅарѕѕрІЇ рїѕрѕЇрїирѕЇрЇб

рЅаріарѕЂріЉ рІѕрЅЁрЅх рІерЅ░ріерѕ░рЅ░рІЇріЋ рІерѕўрѕхрїѓрІХрЅй рѕўрЇЇрѕерѕх рѕѕрѕўрЇЇрЅ│рЅх рїЦрѕерЅх ріЦрІерЅ░рІ░рѕерїѕ рЅБрѕѕрЅарЅх┬а рѕЂріћрЅ│ ріаріЋрІ│ріЋрІх ріаріФрѕІрЅх рїЅрІ│рІЕріЋ рѕѕрЇќрѕѕрЅ▓ріФ ріарѕІрѕЏрЅИрІЇ рѕўрїарЅђрѕџрІФ рѕѕрѕЏрІхрѕерїЇ ріЦрІерѕъріерѕЕ ріљрІЇ рІФрѕѕрІЇ рїарЅЁрѕІрІГ рѕЮріГрѕГ рЅцрЅ▒ "" рѕЁрІЮрЅа рѕЎрѕхрѕірѕЎ рІГрѕЁріЋріЋ рЅарѕўрїѕріЋрІўрЅЦ ріарѕІрѕЏрЅИрІЇ рЅарѕўрїЦрЇј рїјріЉ ріЦріЋрІ│рІГрїарЅђрѕЎрЅарЅх рѕ░рѕІрѕЎріЋ ріарїаріЊріГрѕ« рІерїарЅЁрѕІрІГ рѕЮ/рЅцрЅ│рЅйріЋріЋ рІЇрѕ│ріћ ріЦріЋрІ▓рїарЅБрЅарЅЁ ріЦріЋрїарІГрЅЃрѕѕріЋ "" рЅЦрѕЈрѕЇрЇб

рѕЁрІЮрЅа рѕЎрѕхрѕірѕЎ ріеріЦріЋрІ░рІџрѕЁ рІЊрІГріљрЅх рЅйрїЇрѕ«рЅй ріЦрѕФрѕ▒ріЋріЊ рЅ░рЅІрѕърЅ╣ріЋ ріЦріЋрІ▓ріерѕІріерѕЇ┬а рЅарЅ░рѕѕрѕўрІ░рІЇ рїерІІріљрЅхріЊ ріЦрѕхрѕІрѕЏрІі ріарІ░рЅЦ рЅарЅ░рѕІрЅарѕ░ рѕўрѕЇріЕ ріерѕЏріЋріЏрІЇрѕЮ рѕЁрїѕ-рІѕрїЦ ріЦріЋрЅЁрѕхрЅЃрѕ┤ рЅ░рЅєрїЦрЅд рІерїарЅЁрѕІрІГ рѕЮ/рЅцрЅ▒ріЋріЊ рІе9ріЎріЋ рі«рѕџрЅ┤ рІЇрїцрЅх ріЦріЋрІ▓рїарЅБрЅарЅЁ рїЦрѕф рЅђрѕГрЅДрѕЇрЇб

@tikvahethiopia",2023-06-01 15:50:13+00:00
88,,2023-06-01 15:50:13+00:00
89,"#Update #рІерѕўрѕгрЅх_рѕірІЮ_рїерѕерЅ│ 

"" рЅа7 ріГ/ріерЅ░рѕърЅй рІерѕўрѕгрЅх рѕірІЮ рїерѕерЅ│ ріарѕИріЊрЇірІјрЅй ріеріарЇЇрЅ│ рЅєрІГрЅ│ рЅаріЃрѕІ рІГрѕѕрІФрѕЅ "" - рІеріа/ріа рѕўрѕгрЅх рѕЇрѕЏрЅхріЊ ріарѕхрЅ░рІ│рІ░рѕГ рЅбрѕ«

рЅаріарІ▓рѕх ріарЅарЅБ ріерЅ░рѕЏ ріарѕхрЅ░рІ│рІ░рѕГ рѕўрѕгрЅх рѕЇрѕЏрЅхріЊ ріарѕхрЅ░рІ│рІ░рѕГ рЅбрѕ« рѕІрѕѕрЇЅрЅх ріарѕЮрѕхрЅх рІЊрѕўрЅ│рЅх рЅ░рЅІрѕГрїд рІеріљрЅарѕерІЇріЋ рІерѕўрѕгрЅх рѕірІЮ рїерѕерЅ│ рІЏрѕг ріарѕхрїђрѕЮрѕ»рѕЇрЇб

рІГрѕЁріЋріЋрѕЮ рЅ░ріерЅхрѕј рЅбрѕ«рІЇ рЅарѕЂрѕЅрѕЮ ріГрЇЇрѕѕ ріерЅ░рѕърЅй 14 ріљрїЦрЅЦ 13 рѕёріГрЅ│рѕГ рѕўрѕгрЅх рЅарѕірІЮ рѕѕрѕЏрїФрѕерЅх рѕЏрІўрїІрїђрЅ▒ріЋ рїѕрѕЇрї┐рѕЇрЇб 

рЅарїерѕерЅ│ рІерЅђрѕерЅарІЇ рѕўрѕгрЅх ріарїѕрѕФрІі рЇІрІГрІ│ рѕІрѕІрЅИрІЇ рѕѕрЅ░рѕѕрІФрІЕ рІЊрѕІрѕЏрІјрЅй рІерѕџрІЇрѕЇ ріљрІЇ рЅ░рЅЦрѕЈрѕЇрЇб

рЅаріарѕхрѕФ ріаріЋрІ▒ ріГрЇЇрѕѕ ріерЅ░рѕърЅй 24 рѕ║рѕЁ рІерїерѕерЅ│ рѕ░ріљрІХрЅйріЋ рЅарѕЏрІўрїІрїђрЅх рЅБрѕѕрЇІрЅх ріарѕхрѕГ рЅђріЊрЅх 21 рѕ║рѕЁ 636 рІерѕџрѕєріЉрЅх рІерїерѕерЅ│ рѕ░ріљрІХрЅй рѕўрѕИрїЦ рѕўрЅ╗рѕЅрѕЮ рЅ░рїарЅЂрѕЪрѕЇрЇб 

рІерѕўрїђрѕўрѕфрІФрІЇ рїерѕерЅ│ #рЅарІЏрѕгрІЇ рІЋрѕѕрЅх рЅа7 ріГрЇЇрѕѕ ріерЅ░рѕърЅй рЇд
­ЪЉЅ рЅарЅдрѕїрЇБ 
­ЪЉЅ рЅаріЋрЇІрѕх рѕхрѕЇріГ рѕІрЇЇрЅХрЇБ 
­ЪЉЅ рЅарѕЇрІ░рЅ│рЇБ 
­ЪЉЅ рЅаріарІ▓рѕх ріерЅ░рѕЏрЇБ 
­ЪЉЅ рЅарЅѓрѕГрЅєрѕхрЇБ 
­ЪЉЅ рЅарїЅрѕѕрѕїріЊ рЅарІеріФ ріГрЇЇрѕѕ ріерЅ░рѕърЅй рЅ░рїђрѕЮрѕ»рѕЇрЇб 

рЅаріЦріљрІџрѕЁ ріГрЇЇрѕѕ ріерЅ░рѕърЅй 2 рѕ║рѕЁ 852 рЅ░рїФрѕФрЅЙрЅй рІерїерѕерЅ│ рѕ░ріљрІХрЅ╗рЅИрІЇріЋ рІѕрІ░ рїерѕерЅ│ рѕ│рїЦріЉ ріарѕхрїѕрЅЦрЅ░рІІрѕЇрЇб

рІерїерѕерЅ│ рѕѓрІ░рЅ▒ ріарѕЂріЋ рЅарѕўріФрѕёрІх рѕІрІГ рѕ▓рѕєріЋ ріарѕИріЊрЇірІјрЅй ріеріарЇЇрЅ│ рЅєрІГрЅ│ рЅаріІрѕІ рІерѕџрѕѕрІЕ рІГрѕєріЊрѕЇрЇб

рЅарЅђрїБрІ«рЅй рЅђріЊрЅх рІерїерѕерЅ│ рѕњрІ░рЅ▒ рЅарѕїрѕјрЅй ріГ/ріерЅ░рѕърЅй ріЦріЋрІ░рѕџрЅђрїЦрѕЇ рЅ│рІЇрЅІрѕЇрЇб 

#рібрІюріа

@tikvahethiopia",2023-06-01 10:01:40+00:00
90,,2023-06-01 10:01:40+00:00
91,,2023-06-01 10:01:40+00:00
92,"рІерѕЋрїѕ рѕўріЋрїЇрѕЦрЅх рѕЏрѕ╗рѕ╗рѕЇ . . .

"" ріе60 рЅарѕўрЅХ рЅарѕІрІГ рѕЏрѕЁрЅарѕерѕ░рЅЦ рѕЁрїѕ рѕўріЋрїЇрѕхрЅ▒ рѕхрѕѕрѕўрѕ╗рѕ╗рѕЅ рЇЇрЅЃрІ░ріЏ ріљрІЇ "" рЅарѕџрѕЇ рЅарїЦріЊрЅх рЅ░рѕерїІрїЇрїДрѕЇ рЅбрЅБрѕЇрѕЮ рЅарѕђрїѕрѕФрІі рІерѕЮріГріГрѕГ рі«рѕЮрѕйріЉ рЅаріЕрѕЇ рЅарїЦрѕЇрЅђрЅх рЅарІхрїІрѕџ ріЦріЋрІ░рѕџрЅ│рІГ рЅ░рїѕрѕЇрї┐рѕЇрЇб

рЅарЅЁрѕГрЅА рІерЇќрѕірѕ▓ рїЦріЊрЅх рібріЋрѕхрЅ▓рЅ▓рІЕрЅх ріаріеріЊрІѕріЋріЕрЅх рЅБрѕѕрІЇ рїЦріЊрЅх ріерЅхрїЇрѕФрІГ ріГрѕЇрѕЇ рІЇрїф 60 ріерѕўрЅХ рЅарѕІрІГ рІерѕџрѕєріљрІЇ рѕЏрѕЁрЅарѕерѕ░рЅЦ рѕЁрїѕ рѕўріЋрїЇрѕхрЅ▒ ріЦріЋрІ▓рѕ╗рѕ╗рѕЇ рЇЇрЅЃрІ░ріЏ рѕўрѕєріЉріЋ ріарѕерїІрїЇрїФрѕѕрІЇ рЅЦрѕЈрѕЇрЇб

рІГрѕЁріЋ рІерїЦріЊрЅх рІЇрїцрЅх рѕѕрѕђрїѕрѕФрІі рѕЮріГріГрѕГ рі«рѕџрѕйріЋ рѕхрѕФ рѕЮріЋ рІФрѕЁрѕЇ ріарїІрІЦ ріљрІЇ ?

рі«рѕџрѕйріЉ рЇц рІерѕЏрѕЁрЅарѕерѕ░рЅЦ рїЦрІФрЅёрІјрЅй ріЦріЊ ріарѕхрЇѕрѕІрїі рїЅрІ│рІ«рЅйріЋ рЅарЅ░рѕўрѕѕріерЅ░ рЅа3 рѕўріЋрїѕрІХрЅй  рѕЏрѕѕрЅхрѕЮ ріерЅ│рЅй рІѕрІ░ рѕІрІГрЇц ріерѕІрІГ рІѕрІ░ рЅ│рЅй ріЦріЋрІ▓рѕЂрѕЮ рІѕрІ░ рїјріЋ рѕўрѕерїЃ рІерѕЏрѕ░рЅБрѕ░рЅЦ рѕхрѕФ ріЦріЋрІ░рѕџрІФріеріЊрІЇріЋ ріарѕ│рІЇрЅІрѕЇрЇб

"" ріе60 рЅарѕўрЅХ рЅарѕІрІГ рѕЏрѕЁрЅарѕерѕ░рЅЦ рѕЁрїѕ рѕўріЋрїЇрѕхрЅ▒ рѕхрѕѕрѕўрѕ╗рѕ╗рѕЅ рЇЇрЅЃрІ░ріЏ ріљрІЇ "" рЅарѕџрѕЇ рІерЇќрѕірѕ▓ рїЦріЊрЅх рібріЋрѕхрЅ▓рЅ▓рІЕрЅ▒ рѕ░рѕФрѕЂрЅх рЅБрѕѕрІЇ рїЦріЊрЅх рЅбрІФрѕ│рІЇрЅЁрѕЮ рЅарѕхрЇІрЅх ріЦріЊ рЅарїЦрѕЇрЅђрЅх рЅарѕђрїѕрѕФрІі рІерѕЮріГріГрѕГ рі«рѕЮрѕйріЉ рЅарІхрїІрѕю ріЦріЋрІ░рѕџрЅ│рІГ рїѕрѕЇрї┐рѕЇрЇб

рѕ│рІГріЋрѕ│рІі рѕЮрѕГрѕЮрѕ«рЅйріЊ рїЦріЊрЅХрЅй ріЦрІерЅ░рїаріЉ рѕѕрѕЏрѕЁрЅарѕерѕ░рЅА рІГрЇІ рѕўрІ░рѕерїІрЅИрІЇ рїарЅЃрѕџ рѕўрѕєріЊрЅИрІЇ рІерїѕрѕѕрЇђрІЇ рі«рѕџрѕйріЉ рїЦріЊрЅ▒ріЋ ріЦріЋрІ░ рїЇрЅарІЊрЅх ріЦріЋрІ░рѕџрїарЅђрѕЮрЅарЅх рїѕрѕЇрї┐рѕЇрЇб

Credit : #ріарѕљрІ▒

@tikvahethiopia",2023-06-01 09:34:15+00:00
93,,2023-06-01 09:34:15+00:00
94,"рЇјрЅХрЇд рЅЁрІ▒рѕх рЇЊрЅхрѕГрІФрѕГріЕ рІѕрІ░ рІ▒рЅБрІГ ріарЅђріЉрЇб

рЅЦрЇЂрІЋ рІѕрЅЁрІ▒рѕх ріарЅАріљ рѕЏрЅхрІФрѕх рЅђрІ│рѕЏрІі рЇЊрЅхрѕГрІФрѕГріГ рѕГріЦрѕ░ рѕірЅЃріљ рї│рї│рѕ│рЅх рІўрібрЅхрІ«рїхрІФ  рѕірЅђ рї│рї│рѕх рІўріаріхрѕхрѕЮ рІѕріЦрїерїї рІўрѕўріЋрЅарѕе рЅ░ріГрѕѕ рѕЃрІГрѕЏріќрЅх рІѕрІ░ рЅ░рЅБрЅарѕЕрЅх рІЊрѕерЅЦ рібрѕЮрѕгрЅХрЅй рѕљрІІрѕГрІФрІі рїЅрІъ рѕЏрІхрѕерїІрЅИрІЇ рЅ░рѕ░рѕЮрЅирѕЇрЇб

рЅЁрІ▒рѕхріљрЅ│рЅИрІЇ ріерЅЦрЇЂрІЊріЋ ріарЅарІЇ рѕірЅЃріљ рї│рї│рѕ│рЅх рїІрѕГ рЅарѕўрѕєріЋ рЅарѕўріФріерѕѕріЏрІЇ рѕЮрѕЦрѕФрЅЁ рІеріЋрїЇрІх ріЦріЊ рІерЅ▒рѕфрІЮрѕЮ рѕЏрІЋріерѕЇ рЅарѕўрЅБрѕЇ рЅарѕЮрЅхрЅ│рІѕрЅђрІЇ рІљрѕерЅЦ рібрѕЏрѕФрЅх рЇд

- рЅаріарїѕрѕЇрїЇрѕјрЅх ріЦріЊ рЅарѕхрІ░рЅх рІерѕџрїѕріЎрЅхріЋ рІЇрѕЅрІ░ ріГрѕЁріљрЅх рѕѕрѕўрЅБрѕеріГрЇА

- рЅаріарЅАрІ│рЅб рѕўріЋрїЇрѕЦрЅх рѕѕрЅцрЅ░ ріГрѕГрѕхрЅ▓рІФріЋ рѕўрѕЦрѕфрІФ рЅарЅ░рЇѕрЅђрІ░рІЇ рЅдрЅ│ рѕІрІГ рІерЅ░рѕарѕФрІЇріЋ рѕўрЅЃрѕерЅбрІФ рЅцрЅ░ ріГрѕГрѕхрЅ▓рІФріЋ рЅЁрІ│рѕ┤ рЅцрЅх рѕѕрѕЏріГрЅарѕГрЇц 

- рЅарЅђрїБрІГ рѕѕрѕџрїѕріљрЅБрІЇ ріарІ▓рѕх рѕЋріЋрЇЃ рЅцрЅ░ ріГрѕГрѕхрЅ▓рІФріЋрѕЮ рІерѕўрѕарѕерЅх рІ░ріЋрїірІФ рѕѕрѕЏріќрѕГ рІЏрѕг рѕерЇІрІх рѕІрІГ рІѕрІ░ рІ▒рЅБрІГ  ріарЅЁріЋрЅ░рІІрѕЇрЇб

рѕўрѕерїЃрІЇ рІерЅЦрЇЂрІЋ рІѕрЅЁрІ▒рѕх рЇЊрЅхрѕГрІФрѕГріГ рѕЇрІЕ рЇЁ/рЅцрЅх ріљрІЇрЇб

@tikvahethiopia",2023-06-01 09:31:00+00:00
95,,2023-06-01 09:31:00+00:00
96,,2023-06-01 09:31:00+00:00
97,"#рЇђрІ░рІГ_рЅБріЋріГ 

ріарѕЏрѕФ рЅЦрІхрѕГ ріЦріЊ рЅЂрїарЅБ рЅ░рЅІрѕЮ (ріарЅЦрЅЂрЅ░) рЅарѕџрѕЇ рѕхрІФрѕю ріерѕЕрЅЦ ріГрЇЇрѕѕ рІўрѕўріЋ рЅарѕІрІГ рѕ░рЇі рѕўрѕарѕерЅ▒ріЋ рЅарїѕрїарѕГ ріарІхрѕГрїј рЅЦрІЎріЃріЉріЋ рІерЇІрІГріЊріЋрѕх ріарїѕрѕЇрїЇрѕјрЅх рЅ░рІ░рѕФрѕйріЊ рЅ░рїарЅЃрѕџ рЅарѕЏрІхрѕерїЇ рІерЅєрІерІЇріЊ рЅарІФрІЮріљрІЇ рІЊрѕўрЅх рѕўрїђрѕўрѕфрІФ рѕІрІГ рІѕрІ░ рїЇрІЎрЇЇ рЅБріЋріГріљрЅх рІФрІ░рїѕрІЇ рЇђрІ░рІГ рЅБріЋріГ ріарѕГрЅ▓рѕхрЅх рѕ░рѕјрѕъріЋ рЅдрїІрѕѕріЋ рІерЅЦрѕФріЋрІх ріарѕЮрЅБрѕ│рІ░рѕЕ ріарІхрѕГрїј рѕ░рІГрѕЪрѕЇрЇАрЇА

рЅБріЋріЕ рЅарѕхріФрІГ рѕІрІГрЅх рѕєрЅ┤рѕЇ┬а рЅБрІўрїІрїђрІЇ рЇЋрѕ«рїЇрѕФрѕЮ рѕІрІГ ріЦріЋрІ│рѕхрЅ│рІѕрЅђрІЇрЇЦ рЅарЅарѕГріФрЅ│ рЇірѕЇрѕърЅйріЊ рІхрѕФрѕЏрІјрЅй рѕІрІГ рЅарѕўрЅ░рІѕріЋ рЅ│рІІрЅѓріљрЅх рІФрЅ░рѕерЇѕрІЇріЊ рЅарЅарїј ріарІхрѕФрїјрЅх рѕЦрѕФрІЇ рїјрѕЇрЅХ рІерѕџрїарЅђрѕ░рІЇ ріарѕГрЅ▓рѕхрЅх рѕ░рѕјрѕъріЋ рЅдрїІрѕѕрЇЦ рЅарѕЂрѕЅрѕЮ рЅдрЅ│рЇБ рѕЂрѕЅріЋрѕЮ рѕЏріЁрЅарѕерѕ░рЅЦ рЅарЅЁрѕГрЅарЅхріЊ рЅарѕЇрІЕріљрЅх рѕЏрїѕрѕЇрїѕрѕЇ рѕўрѕѕрІФрІЇ рІерѕєріљрІЇ рЇђрІ░рІГ рЅБріЋріГріЋ рЅарЅхріГріГрѕЇ рІерѕџрІѕріГрѕЇ рѕўрѕєріЉріЋріЊ рЅарѕўрѕЇріФрѕЮ рѕЦріљ рѕЮрїЇрЅБрѕЕріЊ рѕхрЅЦрІЋріЊрІЇ рІерЅБріЋріЕ рЅЦрѕФріЋрІх ріарѕЮрЅБрѕ│рІ░рѕГ ріЦріЋрІ▓рѕєріЋ рЅарѕЎрѕЅ ріЦрѕЮріљрЅх рѕўрѕўрѕерїАріЋ рїѕрѕЇрї┐рѕЇрЇАрЇА 

ріарѕГрЅ▓рѕхрЅх рѕ░рѕјрѕъріЋ рЅдрїІрѕѕ рЅарѕЋрІЮрЅЦ рІўріЋрІх рЅ│рѕІрЅЁ рЅ░рІѕрІ│рїЁріљрЅхріЋ рІФрЅ░рѕерЇѕ ріарѕГрЅ▓рѕхрЅх рѕ▓рѕєріЋ рЅарЅ░рѕ░рѕЏрѕФрЅарЅх рІерїЦрЅарЅЦ рІўрѕГрЇЇ ріе68 рЅарѕІрІГ рЇірѕЇрѕърЅйріЋрЇБ ріе16 рЅарѕІрІГ рІерѕўрІхрѕеріГ рЅ┤ріарЅхрѕ«рЅйріЋрЇБ ріе8 рЅарѕІрІГ рЅ░ріерЅ│рЅ│рІГ рІерЅ┤рѕїрЅфрІЦріЋ рІхрѕФрѕЏрІјрЅйріЋ ріЦріЊ рЅарѕГріФрЅ│ рІерѕФрІхрІ« рІхрѕФрѕЏрІјрЅйріЋ рІерЅ░рїФрІѕрЅ░ ріерѕўрѕєріЉрѕЮ рЅарѕІрІГ ріЁрЅЦрѕерЅх рѕѕрЅарїј рЅарѕџрѕЇ рѕўрѕГрѕЋ рЅарѕџрІФріеріЊрІЇріЊрЅИрІЇ рІерЅарїј ріарІхрѕФрїјрЅх рѕЦрѕФрІјрЅ╣ рІерѕџрЅ│рІѕрЅЁріЊ рЅарѕђрїѕрѕГ рІЇрѕхрїЦріЊ рЅарІЇрїГ рѕђрїѕрѕФрЅх рЅарЅ░рѕѕрІФрІЕ рІўрѕГрЇјрЅй рЅарѕГріФрЅ│ рѕйрѕЇрѕЏрЅХрЅйріЋ рІФрїѕріў ріљрІЇрЇАрЇА

рІерЅђрІхрѕърІЇ ріарѕЏрѕФ рЅЦрІхрѕГріЊ рЅЂрїарЅБ рЅ░рЅІрѕЮ(ріарЅЦрЅЂрЅ░)рЇЦ рІерІЏрѕгрІЇ рЇђрІ░рІГ рЅБріЋріГ рЇд

- рЅа3 рѕџрѕірІ«ріЋ рЅЦрѕГ ріФрЇњрЅ│рѕЇ ріљрІЇ рїЅрІърІЇріЋ рІерїђрѕўрѕерІЇрЇб рІЏрѕг рІерЅ░рїБрѕФ ріФрЇњрЅ│рѕЅ ріе11.6 рЅбрѕірІ«ріЋ рЅЦрѕГ рЅарѕІрІГ рѕєріќ рїарЅЁрѕІрѕІ рѕђрЅЦрЅ▒рѕЮ ріе49.7 рЅбрѕірІ«ріЋ рЅЦрѕГ рЅарѕІрІГ рІ░рѕГрѕирѕЇрЇАрЇА

- рЅаріарѕЂріЉ рІѕрЅЁрЅх ріе13 рѕџрѕірІ«ріЋ рЅарѕІрІГ рІ░ріЋрЅаріърЅйріЋ рІФрЇѕрѕФ рѕ▓рѕєріЋ рЅарѕўрѕІрІЇ рѕЃрїѕрѕфрЅ▒ ріе500 рЅарѕІрІГ рЅЁрѕГріЋрїФрЇјрЅй ріарѕЅрЅхрЇб

- рЅБріЋріЕ рЇц ріе12,270 рЅарѕІрІГ рѕѕрѕєріЉ рІюрїјрЅй рІерѕЦрѕФ ріЦрІхрѕЇ рѕѕрѕўрЇЇрїарѕГ рЅйрѕЈрѕЇрЇб

- рЅаріарІ▓рѕх ріарЅарЅБ ріерЅ░рѕЏ рѕ░ріЋрїІ рЅ░рѕФ ріаріФрЅБрЅб рЅБрѕѕ 39 рІѕрѕѕрѕЇ рІерІІріЊ рѕўрѕЦрѕфрІФ рЅцрЅ▒ріЋ рЅхрѕЇрЅЁріЊ рІўрѕўріЊрІі рѕЋріЋрї╗ ріарѕхрїѕріЋрЅЦрЅХ рЅарѕЏрїаріЊрЅђрЅЁ рѕІрІГ рІГрїѕріЏрѕЇрЇб
┬а
@tikvahethiopia",2023-06-01 09:30:09+00:00
98,,2023-06-01 09:30:09+00:00
99,,2023-06-01 09:30:09+00:00
